stitch_flat_id,drug_name,chemical_mesh_id,chemical_mesh_name,match_method
CID100000085,carnitine,D002331,Carnitine,autocomplete_name
CID100000143,leucovorin,D002955,Leucovorin,autocomplete_name
CID100000146,5-methyltetrahydrofolate,C005984,5-methyltetrahydrofolate,autocomplete_name
CID100000158,PGE2,D015232,Dinoprostone,autocomplete_synonym
CID100000159,prostacyclin,D011464,Epoprostenol,autocomplete_synonym
CID100000187,acetylcholine,D000109,Acetylcholine,autocomplete_name
CID100000191,adenosine,D000241,Adenosine,autocomplete_name
CID100000206,glucose,D005947,Glucose,autocomplete_name
CID100000214,PGE1,D000527,Alprostadil,autocomplete_synonym
CID100000222,ammonia,D000641,Ammonia,autocomplete_name
CID100000232,arginine,D001120,Arginine,autocomplete_name
CID100000247,betaine,D001622,Betaine,autocomplete_name
CID100000271,calcium,D002118,Calcium,autocomplete_name
CID100000297,graphene,D006108,Graphite,autocomplete_synonym
CID100000298,chloramphenicol,D002701,Chloramphenicol,autocomplete_name
CID100000305,choline,D002794,Choline,autocomplete_name
CID100000444,bupropion,D016642,Bupropion,autocomplete_name
CID100000450,estradiol,D004958,Estradiol,autocomplete_name
CID100000453,mannitol,D008353,Mannitol,autocomplete_name
CID100000581,N-acetylcysteine,D000111,Acetylcysteine,autocomplete_synonym
CID100000596,cytarabine,D003561,Cytarabine,autocomplete_name
CID100000598,mesna,D015080,Mesna,autocomplete_name
CID100000612,lactate,D019344,Lactic Acid,autocomplete_synonym
CID100000679,DMSO,D004121,Dimethyl Sulfoxide,autocomplete_synonym
CID100000681,dopamine,D004298,Dopamine,autocomplete_name
CID100000698,estrone,D004970,Estrone,autocomplete_name
CID100000700,monoethanolamine,D019856,Ethanolamine,autocomplete_synonym
CID100000727,lindane,D001556,Hexachlorocyclohexane,autocomplete_synonym
CID100000738,glutamine,D005973,Glutamine,autocomplete_name
CID100000750,glycine,D005998,Glycine,autocomplete_name
CID100000753,glycerol,D005990,Glycerol,autocomplete_name
CID100000772,LMWH,D006495,Heparin Low-Molecular-Weight,autocomplete_synonym
CID100000774,histamine,D006632,Histamine,autocomplete_name
CID100000813,potassium,D011188,Potassium,autocomplete_name
CID100000815,kanamycin,D007612,Kanamycin,autocomplete_name
CID100000838,epinephrine,D004837,Epinephrine,autocomplete_name
CID100000853,thyroxine,D013974,Thyroxine,autocomplete_name
CID100000861,triiodothyronine,D014284,Triiodothyronine,autocomplete_name
CID100000888,magnesium,D008274,Magnesium,autocomplete_name
CID100000896,melatonin,D008550,Melatonin,autocomplete_name
CID100000923,sodium,D012964,Sodium,autocomplete_name
CID100000937,niacin,D009525,Niacin,autocomplete_name
CID100000942,nicotine,D009538,Nicotine,autocomplete_name
CID100000951,norepinephrine,D009638,Norepinephrine,autocomplete_name
CID100001046,pyrazinamide,D011718,Pyrazinamide,autocomplete_name
CID100001054,pyridoxine,D011736,Pyridoxine,autocomplete_name
CID100001065,quinidine,D011802,Quinidine,autocomplete_name
CID100001071,retinol,D014801,Vitamin A,autocomplete_synonym
CID100001125,tetrahydrobiopterin,C003402,sapropterin,autocomplete_synonym
CID100001130,thiamine,D013831,Thiamine,autocomplete_name
CID100001134,thymidine,D013936,Thymidine,autocomplete_name
CID100001206,methamphetamine,D008694,Methamphetamine,autocomplete_name
CID100001301,naproxen,D009288,Naproxen,autocomplete_name
CID100001546,cladribine,D017338,Cladribine,autocomplete_name
CID100001690,doxorubicin,D004317,Doxorubicin,autocomplete_name
CID100001775,phenytoin,D010672,Phenytoin,autocomplete_name
CID100001798,methazolamide,D008704,Methazolamide,autocomplete_name
CID100001805,5-azacytidine,D001374,Azacitidine,autocomplete_synonym
CID100001875,methylprednisolone,D008775,Methylprednisolone,autocomplete_name
CID100001971,abacavir,C106538,abacavir,autocomplete_name
CID100001978,acebutolol,D000070,Acebutolol,autocomplete_name
CID100001983,acetaminophen,D000082,Acetaminophen,autocomplete_name
CID100001986,acetazolamide,D000086,Acetazolamide,autocomplete_name
CID100002019,actinomycin,D003609,Dactinomycin,autocomplete_synonym
CID100002021,spectinomycin,D000198,Spectinomycin,autocomplete_name
CID100002022,acyclovir,D000212,Acyclovir,autocomplete_name
CID100002082,albendazole,D015766,Albendazole,autocomplete_name
CID100002083,salbutamol,D000420,Albuterol,autocomplete_synonym
CID100002088,alendronate,D019386,Alendronate,autocomplete_name
CID100002092,alfuzosin,C047638,alfuzosin,autocomplete_name
CID100002094,allopurinol,D000493,Allopurinol,autocomplete_name
CID100002099,alosetron,C090840,alosetron,autocomplete_name
CID100002118,alprazolam,D000525,Alprazolam,autocomplete_name
CID100002123,hexamethylmelamine,D006585,Altretamine,autocomplete_synonym
CID100002130,amantadine,D000547,Amantadine,autocomplete_name
CID100002133,amcinonide,C012716,amcinonide,autocomplete_name
CID100002140,diatrizoate,D003973,Diatrizoate,autocomplete_name
CID100002141,amifostine,D004999,Amifostine,autocomplete_name
CID100002142,amikacin,D000583,Amikacin,autocomplete_name
CID100002145,aminoglutethimide,D000616,Aminoglutethimide,autocomplete_name
CID100002148,p-aminohippurate,D010130,p-Aminohippuric Acid,autocomplete_synonym
CID100002153,theophylline,D013806,Theophylline,autocomplete_name
CID100002156,amiodarone,D000638,Amiodarone,autocomplete_name
CID100002159,amisulpride,D000077582,Amisulpride,autocomplete_name
CID100002160,amitriptyline,D000639,Amitriptyline,autocomplete_name
CID100002161,amlexanox,C045742,amlexanox,autocomplete_name
CID100002162,amlodipine,D017311,Amlodipine,autocomplete_name
CID100002163,amobarbital,D000654,Amobarbital,autocomplete_name
CID100002168,amorolfine,C038974,amorolfine,autocomplete_name
CID100002170,amoxapine,D000657,Amoxapine,autocomplete_name
CID100002171,amoxicillin,D000658,Amoxicillin,autocomplete_name
CID100002173,ampicillin,D000667,Ampicillin,autocomplete_name
CID100002177,amprenavir,C095108,amprenavir,autocomplete_name
CID100002179,amsacrine,D000677,Amsacrine,autocomplete_name
CID100002182,anagrelide,C021139,anagrelide,autocomplete_name
CID100002187,anastrozole,D000077384,Anastrozole,autocomplete_name
CID100002215,apomorphine,D001058,Apomorphine,autocomplete_name
CID100002216,apraclonidine,C016986,apraclonidine,autocomplete_name
CID100002232,argatroban,C031942,argatroban,autocomplete_name
CID100002244,aspirin,D001241,Aspirin,autocomplete_name
CID100002249,atenolol,D001262,Atenolol,autocomplete_name
CID100002250,atorvastatin,D000069059,Atorvastatin,autocomplete_name
CID100002265,azathioprine,D001379,Azathioprine,autocomplete_name
CID100002267,azelastine,C020976,azelastine,autocomplete_name
CID100002269,azithromycin,D017963,Azithromycin,autocomplete_name
CID100002274,aztreonam,D001398,Aztreonam,autocomplete_name
CID100002284,baclofen,D001418,Baclofen,autocomplete_name
CID100002307,beclomethasone,D001507,Beclomethasone,autocomplete_name
CID100002308,beclomethasone,D001507,Beclomethasone,autocomplete_name
CID100002311,benazepril,C044946,benazepril,autocomplete_name
CID100002315,bendrofluazide,D001539,Bendroflumethiazide,autocomplete_synonym
CID100002337,benzocaine,D001566,Benzocaine,autocomplete_name
CID100002341,benzphetamine,D001589,Benzphetamine,autocomplete_name
CID100002344,benztropine,D001590,Benztropine,autocomplete_name
CID100002350,bepotastine,C108476,bepotastine,autocomplete_name
CID100002351,bepridil,D015764,Bepridil,autocomplete_name
CID100002366,betahistine,D001621,Betahistine,autocomplete_name
CID100002367,dexamethasone,D003907,Dexamethasone,autocomplete_name
CID100002369,betaxolol,D015784,Betaxolol,autocomplete_name
CID100002370,bethanechol,D018723,Bethanechol,autocomplete_name
CID100002375,bicalutamide,C053541,bicalutamide,autocomplete_name
CID100002391,bisacodyl,D001726,Bisacodyl,autocomplete_name
CID100002405,bisoprolol,D017298,Bisoprolol,autocomplete_name
CID100002431,bretylium,C045166,bretylium,autocomplete_name
CID100002441,bromazepam,D001960,Bromazepam,autocomplete_name
CID100002442,bromhexine,D001964,Bromhexine,autocomplete_name
CID100002443,bromocriptine,D001971,Bromocriptine,autocomplete_name
CID100002462,budesonide,D019819,Budesonide,autocomplete_name
CID100002471,bumetanide,D002034,Bumetanide,autocomplete_name
CID100002474,bupivacaine,D002045,Bupivacaine,autocomplete_name
CID100002476,buprenorphine,D002047,Buprenorphine,autocomplete_name
CID100002477,buspirone,D002065,Buspirone,autocomplete_name
CID100002478,busulfan,D002066,Busulfan,autocomplete_name
CID100002479,butabarbital,C084833,secbutabarbital,autocomplete_synonym
CID100002484,butenafine,C067594,butenafine,autocomplete_name
CID100002487,butorphanol,D002077,Butorphanol,autocomplete_name
CID100002512,cabergoline,D000077465,Cabergoline,autocomplete_name
CID100002519,caffeine,D002110,Caffeine,autocomplete_name
CID100002520,verapamil,D014700,Verapamil,autocomplete_name
CID100002522,calcipotriol,C055085,calcipotriene,autocomplete_synonym
CID100002540,candesartan,C081643,candesartan,autocomplete_name
CID100002541,candesartan,C081643,candesartan,autocomplete_name
CID100002547,capreomycin,D002207,Capreomycin,autocomplete_name
CID100002548,capsaicin,D002211,Capsaicin,autocomplete_name
CID100002550,captopril,D002216,Captopril,autocomplete_name
CID100002551,carbachol,D002217,Carbachol,autocomplete_name
CID100002554,carbamazepine,D002220,Carbamazepine,autocomplete_name
CID100002559,carbenicillin,D002228,Carbenicillin,autocomplete_name
CID100002563,carbidopa,D002230,Carbidopa,autocomplete_name
CID100002564,carbinoxamine,C004649,carbinoxamine,autocomplete_name
CID100002576,carisoprodol,D002328,Carisoprodol,autocomplete_name
CID100002578,BCNU,D002330,Carmustine,autocomplete_synonym
CID100002583,carteolol,D002354,Carteolol,autocomplete_name
CID100002585,carvedilol,D000077261,Carvedilol,autocomplete_name
CID100002609,cefaclor,D002433,Cefaclor,autocomplete_name
CID100002610,cefadroxil,D002434,Cefadroxil,autocomplete_name
CID100002617,cefazolin,D002437,Cefazolin,autocomplete_name
CID100002622,cefepime,D000077723,Cefepime,autocomplete_name
CID100002631,cefotaxime,D002439,Cefotaxime,autocomplete_name
CID100002637,cefoxitin,D002440,Cefoxitin,autocomplete_name
CID100002646,cefprozil,C052018,cefprozil,autocomplete_name
CID100002650,ceftazidime,D002442,Ceftazidime,autocomplete_name
CID100002655,ceftizoxime,D015296,Ceftizoxime,autocomplete_name
CID100002656,ceftriaxone,D002443,Ceftriaxone,autocomplete_name
CID100002658,cefuroxime,D002444,Cefuroxime,autocomplete_name
CID100002662,celecoxib,D000068579,Celecoxib,autocomplete_name
CID100002663,celiprolol,D017272,Celiprolol,autocomplete_name
CID100002666,cephalexin,D002506,Cephalexin,autocomplete_name
CID100002675,cefixime,D020682,Cefixime,autocomplete_name
CID100002676,cerivastatin,C086276,cerivastatin,autocomplete_name
CID100002678,cetirizine,D017332,Cetirizine,autocomplete_name
CID100002684,cevimeline,C059240,cevimeline,autocomplete_name
CID100002708,chlorambucil,D002699,Chlorambucil,autocomplete_name
CID100002712,chlordiazepoxide,D002707,Chlordiazepoxide,autocomplete_name
CID100002713,chlorhexidine,D002710,Chlorhexidine,autocomplete_name
CID100002719,chloroquine,D002738,Chloroquine,autocomplete_name
CID100002725,chlorpheniramine,D002744,Chlorpheniramine,autocomplete_name
CID100002726,chlorpromazine,D002746,Chlorpromazine,autocomplete_name
CID100002727,chlorpropamide,D002747,Chlorpropamide,autocomplete_name
CID100002732,chlorthalidone,D002752,Chlorthalidone,autocomplete_name
CID100002733,chlorzoxazone,D002753,Chlorzoxazone,autocomplete_name
CID100002749,ciclopirox,D000077768,Ciclopirox,autocomplete_name
CID100002751,cilazapril,D017315,Cilazapril,autocomplete_name
CID100002754,cilostazol,D000077407,Cilostazol,autocomplete_name
CID100002756,cimetidine,D002927,Cimetidine,autocomplete_name
CID100002762,cinoxacin,D002937,Cinoxacin,autocomplete_name
CID100002764,ciprofloxacin,D002939,Ciprofloxacin,autocomplete_name
CID100002767,cisplatin,D002945,Cisplatin,autocomplete_name
CID100002771,citalopram,D015283,Citalopram,autocomplete_name
CID100002781,clemastine,D002974,Clemastine,autocomplete_name
CID100002786,clindamycin,D002981,Clindamycin,autocomplete_name
CID100002789,clobazam,D000078306,Clobazam,autocomplete_name
CID100002791,clobetasol,D002990,Clobetasol,autocomplete_name
CID100002794,clofazimine,D002991,Clofazimine,autocomplete_name
CID100002800,clomiphene,D002996,Clomiphene,autocomplete_name
CID100002801,clomipramine,D002997,Clomipramine,autocomplete_name
CID100002802,clonazepam,D002998,Clonazepam,autocomplete_name
CID100002803,clonidine,D003000,Clonidine,autocomplete_name
CID100002806,clopidogrel,D000077144,Clopidogrel,autocomplete_name
CID100002812,clotrimazole,D003022,Clotrimazole,autocomplete_name
CID100002818,clozapine,D003024,Clozapine,autocomplete_name
CID100002826,cocaine,D003042,Cocaine,autocomplete_name
CID100002828,codeine,D003061,Codeine,autocomplete_name
CID100002833,colchicine,D003078,Colchicine,autocomplete_name
CID100002881,sodium,D012964,Sodium,autocomplete_name
CID100002883,crotamiton,C005553,crotamiton,autocomplete_name
CID100002891,cyanocobalamin,D014805,Vitamin B 12,autocomplete_synonym
CID100002895,cyclobenzaprine,C004704,cyclobenzaprine,autocomplete_name
CID100002905,cyclopentolate,D003519,Cyclopentolate,autocomplete_name
CID100002907,cyclophosphamide,D003520,Cyclophosphamide,autocomplete_name
CID100002913,cyproheptadine,D003533,Cyproheptadine,autocomplete_name
CID100002914,cyproterone,D003534,Cyproterone,autocomplete_name
CID100002949,danazol,D003613,Danazol,autocomplete_name
CID100002951,dantrolene,D003620,Dantrolene,autocomplete_name
CID100002955,dapsone,D003622,Dapsone,autocomplete_name
CID100002972,deferiprone,D000077543,Deferiprone,autocomplete_name
CID100002973,deferoxamine,D003676,Deferoxamine,autocomplete_name
CID100002995,desipramine,D003891,Desipramine,autocomplete_name
CID100003000,desoximetasone,D003899,Desoximetasone,autocomplete_name
CID100003003,dexamethasone,D003907,Dexamethasone,autocomplete_name
CID100003007,amphetamine,D000661,Amphetamine,autocomplete_name
CID100003008,dextromethorphan,D003915,Dextromethorphan,autocomplete_name
CID100003015,cyproterone,D003534,Cyproterone,autocomplete_name
CID100003016,diazepam,D003975,Diazepam,autocomplete_name
CID100003019,diazoxide,D003981,Diazoxide,autocomplete_name
CID100003032,diclofenac,D004008,Diclofenac,autocomplete_name
CID100003038,dichlorphenamide,D004005,Dichlorphenamide,autocomplete_name
CID100003040,dicloxacillin,D004009,Dicloxacillin,autocomplete_name
CID100003042,dicyclomine,D004025,Dicyclomine,autocomplete_name
CID100003043,didanosine,D016049,Didanosine,autocomplete_name
CID100003056,diflorasone,C014477,diflorasone,autocomplete_name
CID100003059,diflunisal,D004061,Diflunisal,autocomplete_name
CID100003060,epitopic,C015808,difluprednate,autocomplete_synonym
CID100003062,digoxin,D004077,Digoxin,autocomplete_name
CID100003063,dihydrocodeine,C014481,dihydrocodeine,autocomplete_name
CID100003066,dihydroergotamine,D004087,Dihydroergotamine,autocomplete_name
CID100003075,diltiazem,D004110,Diltiazem,autocomplete_name
CID100003080,dimercaprol,D004112,Dimercaprol,autocomplete_name
CID100003100,diphenhydramine,D004155,Diphenhydramine,autocomplete_name
CID100003105,dipivefrin,C015173,dipivefrin,autocomplete_name
CID100003108,dipyridamole,D004176,Dipyridamole,autocomplete_name
CID100003114,disopyramide,D004206,Disopyramide,autocomplete_name
CID100003117,disulfiram,D004221,Disulfiram,autocomplete_name
CID100003121,valproate,D014635,Valproic Acid,autocomplete_synonym
CID100003125,alpha-methyl-p-tyrosine,D019805,alpha-Methyltyrosine,autocomplete_synonym
CID100003143,docetaxel,D000077143,Docetaxel,autocomplete_name
CID100003148,dolasetron,C060344,dolasetron,autocomplete_name
CID100003151,domperidone,D004294,Domperidone,autocomplete_name
CID100003152,donepezil,D000077265,Donepezil,autocomplete_name
CID100003154,dorzolamide,C062765,dorzolamide,autocomplete_name
CID100003155,dothiepin,D004308,Dothiepin,autocomplete_name
CID100003156,doxapram,D004315,Doxapram,autocomplete_name
CID100003157,doxazosin,D017292,Doxazosin,autocomplete_name
CID100003158,doxepin,D004316,Doxepin,autocomplete_name
CID100003168,droperidol,D004329,Droperidol,autocomplete_name
CID100003182,dyphylline,D004400,Dyphylline,autocomplete_name
CID100003198,econazole,D004464,Econazole,autocomplete_name
CID100003199,trabectedin,D000077606,Trabectedin,autocomplete_name
CID100003202,edrophonium,D004491,Edrophonium,autocomplete_name
CID100003203,efavirenz,C098320,efavirenz,autocomplete_name
CID100003219,emedastine,C043345,emedastine,autocomplete_name
CID100003226,enflurane,D004737,Enflurane,autocomplete_name
CID100003241,epinastine,C053090,epinastine,autocomplete_name
CID100003250,ergonovine,D004874,Ergonovine,autocomplete_name
CID100003251,ergotamine,D004878,Ergotamine,autocomplete_name
CID100003255,erythromycin,D004917,Erythromycin,autocomplete_name
CID100003256,monomycin,D015643,Erythromycin Ethylsuccinate,autocomplete_synonym
CID100003261,estazolam,D004949,Estazolam,autocomplete_name
CID100003263,estradiol,D004958,Estradiol,autocomplete_name
CID100003267,estradiol,D004958,Estradiol,autocomplete_name
CID100003268,estramustine,D004961,Estramustine,autocomplete_name
CID100003269,estriol,D004964,Estriol,autocomplete_name
CID100003279,ethambutol,D004977,Ethambutol,autocomplete_name
CID100003291,ethosuximide,D005013,Ethosuximide,autocomplete_name
CID100003292,ethotoin,C084606,ethotoin,autocomplete_name
CID100003305,etidronate,D012968,Etidronic Acid,autocomplete_synonym
CID100003308,etodolac,D017308,Etodolac,autocomplete_name
CID100003310,etoposide,D005047,Etoposide,autocomplete_name
CID100003324,famciclovir,D000077595,Famciclovir,autocomplete_name
CID100003325,famotidine,D015738,Famotidine,autocomplete_name
CID100003331,felbamate,D000078328,Felbamate,autocomplete_name
CID100003333,felodipine,D015736,Felodipine,autocomplete_name
CID100003339,fenofibrate,D011345,Fenofibrate,autocomplete_name
CID100003340,fenoldopam,D018818,Fenoldopam,autocomplete_name
CID100003342,fenoprofen,D005279,Fenoprofen,autocomplete_name
CID100003345,fentanyl,D005283,Fentanyl,autocomplete_name
CID100003348,fexofenadine,C093230,fexofenadine,autocomplete_name
CID100003350,finasteride,D018120,Finasteride,autocomplete_name
CID100003354,flavoxate,D005422,Flavoxate,autocomplete_name
CID100003355,flecainide,D005424,Flecainide,autocomplete_name
CID100003364,flucloxacillin,D005436,Floxacillin,autocomplete_synonym
CID100003365,fluconazole,D015725,Fluconazole,autocomplete_name
CID100003366,5-fluorocytosine,D005437,Flucytosine,autocomplete_synonym
CID100003367,fludarabine,C024352,fludarabine,autocomplete_name
CID100003370,fludrocortisone,D005438,Fludrocortisone,autocomplete_name
CID100003372,fluphenazine,D005476,Fluphenazine,autocomplete_name
CID100003373,flumazenil,D005442,Flumazenil,autocomplete_name
CID100003375,flumethasone,D005443,Flumethasone,autocomplete_name
CID100003379,flunisolide,C007734,flunisolide,autocomplete_name
CID100003380,flunitrazepam,D005445,Flunitrazepam,autocomplete_name
CID100003381,fluocinolone,C035394,fluocinolone,autocomplete_name
CID100003382,fluocinonide,D005447,Fluocinonide,autocomplete_name
CID100003384,fluorometholone,D005469,Fluorometholone,autocomplete_name
CID100003385,5-FU,D005472,Fluorouracil,autocomplete_synonym
CID100003386,fluoxetine,D005473,Fluoxetine,autocomplete_name
CID100003387,fluoxymesterone,D005474,Fluoxymesterone,autocomplete_name
CID100003388,fluphenazine,D005476,Fluphenazine,autocomplete_name
CID100003392,flurandrenolone,D005478,Flurandrenolone,autocomplete_name
CID100003393,flurazepam,D005479,Flurazepam,autocomplete_name
CID100003394,flurbiprofen,D005480,Flurbiprofen,autocomplete_name
CID100003397,flutamide,D005485,Flutamide,autocomplete_name
CID100003399,fluticasone,D000068298,Fluticasone,autocomplete_name
CID100003403,fluvastatin,D000077340,Fluvastatin,autocomplete_name
CID100003404,fluvoxamine,D016666,Fluvoxamine,autocomplete_name
CID100003405,folate,D005492,Folic Acid,autocomplete_synonym
CID100003406,4-methylpyrazole,D000077604,Fomepizole,autocomplete_synonym
CID100003414,foscarnet,D017245,Foscarnet,autocomplete_name
CID100003417,fosfomycin,D005578,Fosfomycin,autocomplete_name
CID100003419,fosinopril,D017328,Fosinopril,autocomplete_name
CID100003425,Romidepsin,C087123,romidepsin,autocomplete_name
CID100003440,furosemide,D005665,Furosemide,autocomplete_name
CID100003446,gabapentin,D000077206,Gabapentin,autocomplete_name
CID100003449,galantamine,D005702,Galantamine,autocomplete_name
CID100003454,ganciclovir,D015774,Ganciclovir,autocomplete_name
CID100003461,gemcitabine,D000093542,Gemcitabine,autocomplete_name
CID100003462,gemeprost,C021182,gemeprost,autocomplete_name
CID100003463,gemfibrozil,D015248,Gemfibrozil,autocomplete_name
CID100003475,gliclazide,D005907,Gliclazide,autocomplete_name
CID100003476,glimepiride,C057619,glimepiride,autocomplete_name
CID100003478,glipizide,D005913,Glipizide,autocomplete_name
CID100003488,glibenclamide,D005905,Glyburide,autocomplete_synonym
CID100003494,glycopyrrolate,D006024,Glycopyrrolate,autocomplete_name
CID100003510,granisetron,D017829,Granisetron,autocomplete_name
CID100003512,griseofulvin,D006118,Griseofulvin,autocomplete_name
CID100003516,guaifenesin,D006140,Guaifenesin,autocomplete_name
CID100003517,icodextrin,D000077607,Icodextrin,autocomplete_name
CID100003519,guanfacine,D016316,Guanfacine,autocomplete_name
CID100003520,guanidinium,D019791,Guanidine,autocomplete_synonym
CID100003553,halcinonide,D006206,Halcinonide,autocomplete_name
CID100003559,haloperidol,D006220,Haloperidol,autocomplete_name
CID100003598,hexachlorophene,D006582,Hexachlorophene,autocomplete_name
CID100003623,homatropine,C100236,homatropine,autocomplete_name
CID100003636,Buscopan,D002086,Butylscopolammonium Bromide,autocomplete_synonym
CID100003637,hydralazine,D006830,Hydralazine,autocomplete_name
CID100003639,hydrochlorothiazide,D006852,Hydrochlorothiazide,autocomplete_name
CID100003640,cortisol,D006854,Hydrocortisone,autocomplete_synonym
CID100003642,hydrocortisone,D006854,Hydrocortisone,autocomplete_name
CID100003647,hydroflumethiazide,D006857,Hydroflumethiazide,autocomplete_name
CID100003648,hydromorphone,D004091,Hydromorphone,autocomplete_name
CID100003652,hydroxychloroquine,D006886,Hydroxychloroquine,autocomplete_name
CID100003657,hydroxyurea,D006918,Hydroxyurea,autocomplete_name
CID100003658,hydroxyzine,D006919,Hydroxyzine,autocomplete_name
CID100003661,atropine,D001285,Atropine,autocomplete_name
CID100003672,ibuprofen,D007052,Ibuprofen,autocomplete_name
CID100003675,phenelzine,D010624,Phenelzine,autocomplete_name
CID100003676,lidocaine,D008012,Lidocaine,autocomplete_name
CID100003685,idarubicin,D015255,Idarubicin,autocomplete_name
CID100003690,ifosfamide,D007069,Ifosfamide,autocomplete_name
CID100003696,imipramine,D007099,Imipramine,autocomplete_name
CID100003702,indapamide,D007190,Indapamide,autocomplete_name
CID100003706,indinavir,D019469,Indinavir,autocomplete_name
CID100003715,indomethacin,D007213,Indomethacin,autocomplete_name
CID100003724,iodixanol,C044834,iodixanol,autocomplete_name
CID100003730,iohexol,D007472,Iohexol,autocomplete_name
CID100003734,iopamidol,D007479,Iopamidol,autocomplete_name
CID100003736,iopromide,C038192,iopromide,autocomplete_name
CID100003737,sodium,D012964,Sodium,autocomplete_name
CID100003738,iotrolan,C033300,iotrolan,autocomplete_name
CID100003739,iodipamide,D007458,Iodipamide,autocomplete_name
CID100003741,ioversol,C054871,ioversol,autocomplete_name
CID100003742,ioxaglate,D007485,Ioxaglic Acid,autocomplete_synonym
CID100003743,ioxilan,C055357,ioxilan,autocomplete_name
CID100003746,ipratropium,D009241,Ipratropium,autocomplete_name
CID100003749,irbesartan,D000077405,Irbesartan,autocomplete_name
CID100003750,irinotecan,D000077146,Irinotecan,autocomplete_name
CID100003759,isocarboxazid,D007520,Isocarboxazid,autocomplete_name
CID100003763,isoflurane,D007530,Isoflurane,autocomplete_name
CID100003767,isoniazid,D007538,Isoniazid,autocomplete_name
CID100003779,isoproterenol,D007545,Isoproterenol,autocomplete_name
CID100003780,isosorbide,D007547,Isosorbide,autocomplete_name
CID100003783,isoxsuprine,D007556,Isoxsuprine,autocomplete_name
CID100003784,isradipine,D017275,Isradipine,autocomplete_name
CID100003793,itraconazole,D017964,Itraconazole,autocomplete_name
CID100003821,ketamine,D007649,Ketamine,autocomplete_name
CID100003823,ketoconazole,D007654,Ketoconazole,autocomplete_name
CID100003825,ketoprofen,D007660,Ketoprofen,autocomplete_name
CID100003826,ketorolac,D020910,Ketorolac,autocomplete_name
CID100003827,ketotifen,D007665,Ketotifen,autocomplete_name
CID100003869,labetalol,D007741,Labetalol,autocomplete_name
CID100003872,lactulose,D007792,Lactulose,autocomplete_name
CID100003877,lamivudine,D019259,Lamivudine,autocomplete_name
CID100003878,lamotrigine,D000077213,Lamotrigine,autocomplete_name
CID100003883,lansoprazole,D064747,Lansoprazole,autocomplete_name
CID100003890,latanoprost,D000077338,Latanoprost,autocomplete_name
CID100003899,leflunomide,D000077339,Leflunomide,autocomplete_name
CID100003902,letrozole,D000077289,Letrozole,autocomplete_name
CID100003914,levobunolol,D002040,Levobunolol,autocomplete_name
CID100003915,levocabastine,C047340,levocabastine,autocomplete_name
CID100003916,levomepromazine,D008728,Methotrimeprazine,autocomplete_synonym
CID100003918,dextrorphan,D003917,Dextrorphan,autocomplete_name
CID100003928,lincomycin,D008034,Lincomycin,autocomplete_name
CID100003929,linezolid,D000069349,Linezolid,autocomplete_name
CID100003937,Lisinopril,D017706,Lisinopril,autocomplete_name
CID100003938,lisuride,D008090,Lisuride,autocomplete_name
CID100003948,lomefloxacin,C053091,lomefloxacin,autocomplete_name
CID100003950,lomustine,D008130,Lomustine,autocomplete_name
CID100003954,loperamide,D008139,Loperamide,autocomplete_name
CID100003957,loratadine,D017336,Loratadine,autocomplete_name
CID100003958,lorazepam,D008140,Lorazepam,autocomplete_name
CID100003961,losartan,D019808,Losartan,autocomplete_name
CID100003962,lovastatin,D008148,Lovastatin,autocomplete_name
CID100003964,loxapine,D008152,Loxapine,autocomplete_name
CID100003998,mafenide,D008272,Mafenide,autocomplete_name
CID100004004,malathion,D008294,Malathion,autocomplete_name
CID100004011,maprotiline,D008376,Maprotiline,autocomplete_name
CID100004030,mebendazole,D008463,Mebendazole,autocomplete_name
CID100004031,mebeverine,C005096,mebeverine,autocomplete_name
CID100004032,mecamylamine,D008464,Mecamylamine,autocomplete_name
CID100004033,nitrogen,D009584,Nitrogen,autocomplete_name
CID100004036,meclofenamate,D008469,Meclofenamic Acid,autocomplete_synonym
CID100004042,medroxyprogesterone,D008525,Medroxyprogesterone,autocomplete_name
CID100004043,medrysone,C100283,medrysone,autocomplete_name
CID100004046,mefloquine,D015767,Mefloquine,autocomplete_name
CID100004048,megestrol,D008535,Megestrol,autocomplete_name
CID100004051,meloxicam,D000077239,Meloxicam,autocomplete_name
CID100004053,melphalan,D008558,Melphalan,autocomplete_name
CID100004054,memantine,D008559,Memantine,autocomplete_name
CID100004058,meperidine,D008614,Meperidine,autocomplete_name
CID100004060,mephenytoin,D008617,Mephenytoin,autocomplete_name
CID100004062,mepivacaine,D008619,Mepivacaine,autocomplete_name
CID100004064,meprobamate,D008620,Meprobamate,autocomplete_name
CID100004086,metaproterenol,D009921,Metaproterenol,autocomplete_name
CID100004091,metformin,D008687,Metformin,autocomplete_name
CID100004095,methadone,D008691,Methadone,autocomplete_name
CID100004101,methenamine,D008709,Methenamine,autocomplete_name
CID100004107,methocarbamol,D008721,Methocarbamol,autocomplete_name
CID100004112,methotrexate,D008727,Methotrexate,autocomplete_name
CID100004114,8-MOP,D008730,Methoxsalen,autocomplete_synonym
CID100004120,N-methylscopolamine,D019832,N-Methylscopolamine,autocomplete_name
CID100004121,methyclothiazide,D008736,Methyclothiazide,autocomplete_name
CID100004138,methyldopa,D008750,Methyldopa,autocomplete_name
CID100004140,methylergometrine,D008755,Methylergonovine,autocomplete_synonym
CID100004158,methylphenidate,D008774,Methylphenidate,autocomplete_name
CID100004159,methylprednisolone,D008775,Methylprednisolone,autocomplete_name
CID100004160,methyltestosterone,D008777,Methyltestosterone,autocomplete_name
CID100004163,methysergide,D008784,Methysergide,autocomplete_name
CID100004168,metoclopramide,D008787,Metoclopramide,autocomplete_name
CID100004170,metolazone,D008788,Metolazone,autocomplete_name
CID100004171,metoprolol,D008790,Metoprolol,autocomplete_name
CID100004173,metronidazole,D008795,Metronidazole,autocomplete_name
CID100004174,metyrapone,D008797,Metyrapone,autocomplete_name
CID100004178,mexiletine,D008801,Mexiletine,autocomplete_name
CID100004184,mianserin,D008803,Mianserin,autocomplete_name
CID100004189,miconazole,D008825,Miconazole,autocomplete_name
CID100004192,midazolam,D008874,Midazolam,autocomplete_name
CID100004195,midodrine,D008879,Midodrine,autocomplete_name
CID100004196,mifepristone,D015735,Mifepristone,autocomplete_name
CID100004197,milrinone,D020105,Milrinone,autocomplete_name
CID100004201,minoxidil,D008914,Minoxidil,autocomplete_name
CID100004205,mirtazapine,D000078785,Mirtazapine,autocomplete_name
CID100004211,mitotane,D008939,Mitotane,autocomplete_name
CID100004212,mitoxantrone,D008942,Mitoxantrone,autocomplete_name
CID100004235,moclobemide,D020912,Moclobemide,autocomplete_name
CID100004236,modafinil,D000077408,Modafinil,autocomplete_name
CID100004248,montelukast,C093875,montelukast,autocomplete_name
CID100004253,morphine,D009020,Morphine,autocomplete_name
CID100004259,moxifloxacin,D000077266,Moxifloxacin,autocomplete_name
CID100004264,mupirocin,D016712,Mupirocin,autocomplete_name
CID100004409,nabumetone,D000077430,Nabumetone,autocomplete_name
CID100004411,nadolol,D009248,Nadolol,autocomplete_name
CID100004419,nalbuphine,D009266,Nalbuphine,autocomplete_name
CID100004422,nalmefene,C038981,nalmefene,autocomplete_name
CID100004425,naloxone,D009270,Naloxone,autocomplete_name
CID100004428,naltrexone,D009271,Naltrexone,autocomplete_name
CID100004432,nandrolone,D009277,Nandrolone,autocomplete_name
CID100004436,naphazoline,D009278,Naphazoline,autocomplete_name
CID100004440,naratriptan,C106783,naratriptan,autocomplete_name
CID100004443,nateglinide,D000077715,Nateglinide,autocomplete_name
CID100004449,nefazodone,C051752,nefazodone,autocomplete_name
CID100004450,nefopam,D009340,Nefopam,autocomplete_name
CID100004451,nelfinavir,D019888,Nelfinavir,autocomplete_name
CID100004454,neomycin,D009355,Neomycin,autocomplete_name
CID100004456,neostigmine,D009388,Neostigmine,autocomplete_name
CID100004463,nevirapine,D019829,Nevirapine,autocomplete_name
CID100004473,nicardipine,D009529,Nicardipine,autocomplete_name
CID100004485,nifedipine,D009543,Nifedipine,autocomplete_name
CID100004493,nilutamide,C021277,nilutamide,autocomplete_name
CID100004497,nimodipine,D009553,Nimodipine,autocomplete_name
CID100004499,nisoldipine,D015737,Nisoldipine,autocomplete_name
CID100004506,nitrazepam,D009567,Nitrazepam,autocomplete_name
CID100004509,nitrofurantoin,D009582,Nitrofurantoin,autocomplete_name
CID100004510,nitroglycerin,D005996,Nitroglycerin,autocomplete_name
CID100004513,nizatidine,D016567,Nizatidine,autocomplete_name
CID100004536,norethisterone,D009640,Norethindrone,autocomplete_synonym
CID100004539,norfloxacin,D009643,Norfloxacin,autocomplete_name
CID100004542,levonorgestrel,D016912,Levonorgestrel,autocomplete_name
CID100004543,nortriptyline,D009661,Nortriptyline,autocomplete_name
CID100004547,repaglinide,C072379,repaglinide,autocomplete_name
CID100004568,nystatin,D009761,Nystatin,autocomplete_name
CID100004583,ofloxacin,D015242,Ofloxacin,autocomplete_name
CID100004585,olanzapine,D000077152,Olanzapine,autocomplete_name
CID100004594,omeprazole,D009853,Omeprazole,autocomplete_name
CID100004595,ondansetron,D017294,Ondansetron,autocomplete_name
CID100004599,orlistat,D000077403,Orlistat,autocomplete_name
CID100004601,orphenadrine,D009966,Orphenadrine,autocomplete_name
CID100004603,oseltamivir,D053139,Oseltamivir,autocomplete_name
CID100004607,oxacillin,D010068,Oxacillin,autocomplete_name
CID100004609,oxaliplatin,D000077150,Oxaliplatin,autocomplete_name
CID100004614,oxaprozin,D000077431,Oxaprozin,autocomplete_name
CID100004616,oxazepam,D010076,Oxazepam,autocomplete_name
CID100004623,oxiconazole,C022155,oxiconazole,autocomplete_name
CID100004631,oxprenolol,D010096,Oxprenolol,autocomplete_name
CID100004634,oxybutynin,C005419,oxybutynin,autocomplete_name
CID100004635,oxycodone,D010098,Oxycodone,autocomplete_name
CID100004638,oxymetholone,D010110,Oxymetholone,autocomplete_name
CID100004639,oxymorphone,D010111,Oxymorphone,autocomplete_name
CID100004666,paclitaxel,D017239,Paclitaxel,autocomplete_name
CID100004673,pamidronate,D000077268,Pamidronate,autocomplete_name
CID100004675,pancuronium,D010197,Pancuronium,autocomplete_name
CID100004678,dexpanthenol,C007288,dexpanthenol,autocomplete_name
CID100004679,pantoprazole,D000077402,Pantoprazole,autocomplete_name
CID100004680,papaverine,D010208,Papaverine,autocomplete_name
CID100004689,paromomycin,D010303,Paromomycin,autocomplete_name
CID100004691,paroxetine,D017374,Paroxetine,autocomplete_name
CID100004724,penbutolol,D010394,Penbutolol,autocomplete_name
CID100004725,penciclovir,C053539,penciclovir,autocomplete_name
CID100004727,D-penicillamine,D010396,Penicillamine,autocomplete_synonym
CID100004735,pentamidine,D010419,Pentamidine,autocomplete_name
CID100004736,pentazocine,D010423,Pentazocine,autocomplete_name
CID100004737,pentobarbital,D010424,Pentobarbital,autocomplete_name
CID100004739,pentostatin,D015649,Pentostatin,autocomplete_name
CID100004740,pentoxifylline,D010431,Pentoxifylline,autocomplete_name
CID100004745,pergolide,D010479,Pergolide,autocomplete_name
CID100004746,perhexiline,D010480,Perhexiline,autocomplete_name
CID100004747,propericiazine,C084584,periciazine,autocomplete_synonym
CID100004748,perphenazine,D010546,Perphenazine,autocomplete_name
CID100004763,phenobarbital,D010634,Phenobarbital,autocomplete_name
CID100004768,phenoxybenzamine,D010643,Phenoxybenzamine,autocomplete_name
CID100004771,phentermine,D010645,Phentermine,autocomplete_name
CID100004775,4-PBA,C121358,4-phenylbutylamine,autocomplete_synonym
CID100004782,phenylephrine,D010656,Phenylephrine,autocomplete_name
CID100004786,phenylpropanolamine,D010665,Phenylpropanolamine,autocomplete_name
CID100004810,moxonidine,C043482,moxonidine,autocomplete_name
CID100004811,physostigmine,D010830,Physostigmine,autocomplete_name
CID100004819,pilocarpine,D010862,Pilocarpine,autocomplete_name
CID100004828,pindolol,D010869,Pindolol,autocomplete_name
CID100004829,pioglitazone,D000077205,Pioglitazone,autocomplete_name
CID100004834,piperacillin,D010878,Piperacillin,autocomplete_name
CID100004845,pirbuterol,C009118,pirbuterol,autocomplete_name
CID100004865,podophyllotoxin,D011034,Podophyllotoxin,autocomplete_name
CID100004870,polythiazide,D011139,Polythiazide,autocomplete_name
CID100004885,pramipexole,D000077487,Pramipexole,autocomplete_name
CID100004889,pravastatin,D017035,Pravastatin,autocomplete_name
CID100004891,praziquantel,D011223,Praziquantel,autocomplete_name
CID100004893,prazosin,D011224,Prazosin,autocomplete_name
CID100004894,prednisolone,D011239,Prednisolone,autocomplete_name
CID100004895,prednisolone,D011239,Prednisolone,autocomplete_name
CID100004896,prednisolone,D011239,Prednisolone,autocomplete_name
CID100004900,prednisone,D011241,Prednisone,autocomplete_name
CID100004906,prilocaine,D011318,Prilocaine,autocomplete_name
CID100004908,primaquine,D011319,Primaquine,autocomplete_name
CID100004909,primidone,D011324,Primidone,autocomplete_name
CID100004911,probenecid,D011339,Probenecid,autocomplete_name
CID100004913,procainamide,D011342,Procainamide,autocomplete_name
CID100004914,procaine,D011343,Procaine,autocomplete_name
CID100004915,procarbazine,D011344,Procarbazine,autocomplete_name
CID100004917,prochlorperazine,D011346,Prochlorperazine,autocomplete_name
CID100004920,progesterone,D011374,Progesterone,autocomplete_name
CID100004923,proguanil,D002727,Proguanil,autocomplete_name
CID100004927,promethazine,D011398,Promethazine,autocomplete_name
CID100004932,propafenone,D011405,Propafenone,autocomplete_name
CID100004934,propantheline,D011413,Propantheline,autocomplete_name
CID100004935,proparacaine,C005717,proxymetacaine,autocomplete_synonym
CID100004943,propofol,D015742,Propofol,autocomplete_name
CID100004946,propranolol,D011433,Propranolol,autocomplete_name
CID100004976,protriptyline,D011530,Protriptyline,autocomplete_name
CID100004989,pyrantel,D011715,Pyrantel,autocomplete_name
CID100004992,mepyramine,D011738,Pyrilamine,autocomplete_synonym
CID100004993,pyrimethamine,D011739,Pyrimethamine,autocomplete_name
CID100004999,quazepam,C025130,quazepam,autocomplete_name
CID100005005,quinapril,D000077583,Quinapril,autocomplete_name
CID100005029,rabeprazole,D064750,Rabeprazole,autocomplete_name
CID100005032,ephedrine,D004809,Ephedrine,autocomplete_name
CID100005038,ramipril,D017257,Ramipril,autocomplete_name
CID100005039,ranitidine,D011899,Ranitidine,autocomplete_name
CID100005040,rapamycin,D020123,Sirolimus,autocomplete_synonym
CID100005051,rescinnamine,C084826,rescinnamine,autocomplete_name
CID100005052,reserpine,D012110,Reserpine,autocomplete_name
CID100005064,ribavirin,D012254,Ribavirin,autocomplete_name
CID100005070,riluzole,D019782,Riluzole,autocomplete_name
CID100005071,rimantadine,D012299,Rimantadine,autocomplete_name
CID100005073,risperidone,D018967,Risperidone,autocomplete_name
CID100005076,ritonavir,D019438,Ritonavir,autocomplete_name
CID100005077,rivastigmine,D000068836,Rivastigmine,autocomplete_name
CID100005078,rizatriptan,C093622,rizatriptan,autocomplete_name
CID100005090,rofecoxib,C116926,rofecoxib,autocomplete_name
CID100005095,ropinirole,C046649,ropinirole,autocomplete_name
CID100005106,roxithromycin,D015575,Roxithromycin,autocomplete_name
CID100005155,stavudine,D018119,Stavudine,autocomplete_name
CID100005161,salsalate,C014182,salicylsalicylic acid,autocomplete_synonym
CID100005184,scopolamine,D012601,Scopolamine,autocomplete_name
CID100005193,secobarbital,D012631,Secobarbital,autocomplete_name
CID100005195,deprenyl,D012642,Selegiline,autocomplete_synonym
CID100005203,sertraline,D020280,Sertraline,autocomplete_name
CID100005206,sevoflurane,D000077149,Sevoflurane,autocomplete_name
CID100005210,sibutramine,C058254,sibutramine,autocomplete_name
CID100005214,silver,D012834,Silver,autocomplete_name
CID100005215,sulfadiazine,D013411,Sulfadiazine,autocomplete_name
CID100005238,sodium,D012964,Sodium,autocomplete_name
CID100005245,risedronate,D000068296,Risedronic Acid,autocomplete_synonym
CID100005248,sodium,D012964,Sodium,autocomplete_name
CID100005253,sotalol,D013015,Sotalol,autocomplete_name
CID100005257,sparfloxacin,C061363,sparfloxacin,autocomplete_name
CID100005267,spironolactone,D013148,Spironolactone,autocomplete_name
CID100005297,streptomycin,D013307,Streptomycin,autocomplete_name
CID100005311,vorinostat,D000077337,Vorinostat,autocomplete_name
CID100005314,succinylcholine,D013390,Succinylcholine,autocomplete_name
CID100005318,sulconazole,C033308,sulconazole,autocomplete_name
CID100005320,sulfacetamide,D013409,Sulfacetamide,autocomplete_name
CID100005329,sulfamethoxazole,D013420,Sulfamethoxazole,autocomplete_name
CID100005352,sulindac,D013467,Sulindac,autocomplete_name
CID100005358,sumatriptan,D018170,Sumatriptan,autocomplete_name
CID100005359,suprofen,D013496,Suprofen,autocomplete_name
CID100005372,tacrolimus,D016559,Tacrolimus,autocomplete_name
CID100005376,tamoxifen,D013629,Tamoxifen,autocomplete_name
CID100005379,gatifloxacin,D000077734,Gatifloxacin,autocomplete_name
CID100005381,tazarotene,C086827,tazarotene,autocomplete_name
CID100005391,temazepam,D013693,Temazepam,autocomplete_name
CID100005394,temozolomide,D000077204,Temozolomide,autocomplete_name
CID100005396,teniposide,D013713,Teniposide,autocomplete_name
CID100005401,terazosin,C041226,Terazosin,autocomplete_name
CID100005402,terbinafine,D000077291,Terbinafine,autocomplete_name
CID100005403,terbutaline,D013726,Terbutaline,autocomplete_name
CID100005404,terconazole,C037815,terconazole,autocomplete_name
CID100005407,testolactone,D013738,Testolactone,autocomplete_name
CID100005408,testosterone,D013739,Testosterone,autocomplete_name
CID100005409,testosterone,D013739,Testosterone,autocomplete_name
CID100005410,testosterone,D013739,Testosterone,autocomplete_name
CID100005411,tetracaine,D013748,Tetracaine,autocomplete_name
CID100005419,tetrahydrozoline,C005810,tetrahydrozoline,autocomplete_name
CID100005426,thalidomide,D013792,Thalidomide,autocomplete_name
CID100005430,thiabendazole,D013827,Thiabendazole,autocomplete_name
CID100005452,thioridazine,D013881,Thioridazine,autocomplete_name
CID100005453,thiotepa,D013852,Thiotepa,autocomplete_name
CID100005454,thiothixene,D013888,Thiothixene,autocomplete_name
CID100005466,tiagabine,D000078308,Tiagabine,autocomplete_name
CID100005470,tibolone,C027385,tibolone,autocomplete_name
CID100005472,ticlopidine,D013988,Ticlopidine,autocomplete_name
CID100005478,timolol,D013999,Timolol,autocomplete_name
CID100005479,tinidazole,D014011,Tinidazole,autocomplete_name
CID100005483,tiopronin,D008625,Tiopronin,autocomplete_name
CID100005486,tirofiban,D000077466,Tirofiban,autocomplete_name
CID100005487,tizanidine,C023754,tizanidine,autocomplete_name
CID100005496,tobramycin,D014031,Tobramycin,autocomplete_name
CID100005503,tolazamide,D014042,Tolazamide,autocomplete_name
CID100005505,tolbutamide,D014044,Tolbutamide,autocomplete_name
CID100005508,tolmetin,D014046,Tolmetin,autocomplete_name
CID100005514,topiramate,D000077236,Topiramate,autocomplete_name
CID100005515,topotecan,D019772,Topotecan,autocomplete_name
CID100005516,toremifene,D017312,Toremifene,autocomplete_name
CID100005523,tramadol,D014147,Tramadol,autocomplete_name
CID100005524,tramazoline,C005370,tramazoline,autocomplete_name
CID100005525,trandolapril,C052035,trandolapril,autocomplete_name
CID100005530,tranylcypromine,D014191,Tranylcypromine,autocomplete_name
CID100005533,trazodone,D014196,Trazodone,autocomplete_name
CID100005544,triamcinolone,D014221,Triamcinolone,autocomplete_name
CID100005546,triamterene,D014223,Triamterene,autocomplete_name
CID100005556,triazolam,D014229,Triazolam,autocomplete_name
CID100005564,triclosan,D014260,Triclosan,autocomplete_name
CID100005566,trifluoperazine,D014268,Trifluoperazine,autocomplete_name
CID100005572,trihexyphenidyl,D014282,Trihexyphenidyl,autocomplete_name
CID100005576,trimethadione,D014293,Trimethadione,autocomplete_name
CID100005577,trimethobenzamide,C100146,trimethobenzamide,autocomplete_name
CID100005578,trimethoprim,D014295,Trimethoprim,autocomplete_name
CID100005582,trimetrexate,D016597,Trimetrexate,autocomplete_name
CID100005584,trimipramine,D014299,Trimipramine,autocomplete_name
CID100005591,troglitazone,D000077288,Troglitazone,autocomplete_name
CID100005593,tropicamide,D014331,Tropicamide,autocomplete_name
CID100005595,tropisetron,D000077526,Tropisetron,autocomplete_name
CID100005625,delavirdine,D020008,Delavirdine,autocomplete_name
CID100005650,valsartan,D000068756,Valsartan,autocomplete_name
CID100005651,Vancocine,D014640,Vancomycin,autocomplete_synonym
CID100005665,vigabatrin,D020888,Vigabatrin,autocomplete_name
CID100005672,vinorelbine,D000077235,Vinorelbine,autocomplete_name
CID100005717,zafirlukast,C062735,zafirlukast,autocomplete_name
CID100005718,zalcitabine,D016047,Zalcitabine,autocomplete_name
CID100005719,zaleplon,C085665,zaleplon,autocomplete_name
CID100005721,zanamivir,D053243,Zanamivir,autocomplete_name
CID100005726,zidovudine,D015215,Zidovudine,autocomplete_name
CID100005731,zolmitriptan,C089750,zolmitriptan,autocomplete_name
CID100005732,zolpidem,D000077334,Zolpidem,autocomplete_name
CID100005734,zonisamide,D000078305,Zonisamide,autocomplete_name
CID100005735,zopiclone,C515050,zopiclone,autocomplete_name
CID100005746,mitomycin,D016685,Mitomycin,autocomplete_name
CID100005771,oxytocin,D010121,Oxytocin,autocomplete_name
CID100005775,phentolamine,D010646,Phentolamine,autocomplete_name
CID100005878,oxandrolone,D010074,Oxandrolone,autocomplete_name
CID100005978,vincristine,D014750,Vincristine,autocomplete_name
CID100006018,tetrabenazine,D013747,Tetrabenazine,autocomplete_name
CID100006049,EDTA,D004492,Edetic Acid,autocomplete_synonym
CID100006058,cysteamine,D003543,Cysteamine,autocomplete_name
CID100006116,calcium,D002118,Calcium,autocomplete_name
CID100006238,17-hydroxyprogesterone,D019326,17-alpha-Hydroxyprogesterone,autocomplete_synonym
CID100006256,trifluorothymidine,D014271,Trifluridine,autocomplete_synonym
CID100006436,triamcinolone,D014221,Triamcinolone,autocomplete_name
CID100006468,phencyclidine,D010622,Phencyclidine,autocomplete_name
CID100006476,methsuximide,C100286,methsuximide,autocomplete_name
CID100006726,cyclizine,D003501,Cyclizine,autocomplete_name
CID100007029,diethylpropion,D004053,Diethylpropion,autocomplete_name
CID100007638,monobenzone,C006429,monobenzone,autocomplete_name
CID100007699,benzonatate,C029755,benzonatate,autocomplete_name
CID100008197,tetraen,C034269,tetraethylenepentamine,autocomplete_synonym
CID100008612,chloroprocaine,C004616,chloroprocaine,autocomplete_name
CID100008982,nafcillin,D009254,Nafcillin,autocomplete_name
CID100009034,methohexital,D008723,Methohexital,autocomplete_name
CID100009433,aminophylline,D000628,Aminophylline,autocomplete_name
CID100009904,nandrolone,D009277,Nandrolone,autocomplete_name
CID100010100,propoxyphene,D011431,Dextropropoxyphene,autocomplete_synonym
CID100010340,sodium,D012964,Sodium,autocomplete_name
CID100010631,medroxyprogesterone,D008525,Medroxyprogesterone,autocomplete_name
CID100010660,dimenhydrinate,D004111,Dimenhydrinate,autocomplete_name
CID100011125,lithium,D008094,Lithium,autocomplete_name
CID100011973,Brolene,C053597,dibrompropamidine,autocomplete_synonym
CID100012453,zuclopenthixol,D003006,Clopenthixol,autocomplete_synonym
CID100012460,phendimetrazine,C100294,phendimetrazine,autocomplete_name
CID100012536,desonide,D003898,Desonide,autocomplete_name
CID100012555,benzydamine,D001591,Benzydamine,autocomplete_name
CID100012559,erythromycin,D004917,Erythromycin,autocomplete_name
CID100012597,isomannide,C502182,1 4-3 6-dianhydromannitol,autocomplete_synonym
CID100012620,Tadenan,C009375,Tadenan,autocomplete_name
CID100013314,lormetazepam,C023842,lormetazepam,autocomplete_name
CID100013342,vinblastine,D014747,Vinblastine,autocomplete_name
CID100014789,ferumoxytol,D052203,Ferrosoferric Oxide,autocomplete_synonym
CID100014888,arsenic,D001151,Arsenic,autocomplete_name
CID100015232,benzathine,C010044,benzathine,autocomplete_name
CID100015459,metaxalone,C011301,metaxalone,autocomplete_name
CID100016230,amiloride,D000584,Amiloride,autocomplete_name
CID100016362,pimozide,D010868,Pimozide,autocomplete_name
CID100016533,betamethasone,D001623,Betamethasone,autocomplete_name
CID100016850,fluorescein,D019793,Fluorescein,autocomplete_name
CID100016886,5-aza-2'-deoxycytidine,D000077209,Decitabine,autocomplete_synonym
CID100017358,SonoVue,C420843,contrast agent BR1,autocomplete_synonym
CID100018140,estramustine,D004961,Estramustine,autocomplete_name
CID100019090,megestrol,D008535,Megestrol,autocomplete_name
CID100020585,choline,D002794,Choline,autocomplete_name
CID100020969,clocortolone,C004686,clocortolone,autocomplete_name
CID100021800,betamethasone,D001623,Betamethasone,autocomplete_name
CID100021945,methenamine,D008709,Methenamine,autocomplete_name
CID100022258,hydrocodone,D006853,Hydrocodone,autocomplete_name
CID100022318,gold,D006046,Gold,autocomplete_name
CID100022502,procaine,D011343,Procaine,autocomplete_name
CID100023703,ogen,C009927,estropipate,autocomplete_synonym
CID100023897,molindone,D008972,Molindone,autocomplete_name
CID100023926,lanthanum,D007811,Lanthanum,autocomplete_name
CID100023951,samarium,D012493,Samarium,autocomplete_name
CID100023954,silver,D012834,Silver,autocomplete_name
CID100023976,chromium,D002857,Chromium,autocomplete_name
CID100023978,copper,D003300,Copper,autocomplete_name
CID100023982,gadolinium,D005682,Gadolinium,autocomplete_name
CID100023993,yttrium,D015019,Yttrium,autocomplete_name
CID100023994,zinc,D015032,Zinc,autocomplete_name
CID100024087,selenium,D012643,Selenium,autocomplete_name
CID100024414,barium,D001464,Barium,autocomplete_name
CID100024424,zinc,D015032,Zinc,autocomplete_name
CID100024450,potassium,D011188,Potassium,autocomplete_name
CID100024706,Triphasil,D019304,Ethinyl Estradiol-Norgestrel Combination,autocomplete_synonym
CID100024748,glucose,D005947,Glucose,autocomplete_name
CID100025419,clodronate,D004002,Clodronic Acid,autocomplete_synonym
CID100027400,pizotifen,D010918,Pizotyline,autocomplete_synonym
CID100027661,isosorbide-5-mononitrate,C030397,isosorbide-5-mononitrate,autocomplete_name
CID100028332,propoxyphene,D011431,Dextropropoxyphene,autocomplete_synonym
CID100028486,lithium,D008094,Lithium,autocomplete_name
CID100029089,chlorhexidine,D002710,Chlorhexidine,autocomplete_name
CID100030623,dexrazoxane,D064730,Dexrazoxane,autocomplete_name
CID100031072,carbimazole,D002231,Carbimazole,autocomplete_name
CID100031264,paraldehyde,D010242,Paraldehyde,autocomplete_name
CID100031378,fludrocortisone,D005438,Fludrocortisone,autocomplete_name
CID100031477,metipranolol,D014290,Metipranolol,autocomplete_name
CID100032169,articaine,D002355,Carticaine,autocomplete_synonym
CID100032603,clindamycin,D002981,Clindamycin,autocomplete_name
CID100032797,clobetasol,D002990,Clobetasol,autocomplete_name
CID100034312,oxcarbazepine,D000078330,Oxcarbazepine,autocomplete_name
CID100036339,etomidate,D005045,Etomidate,autocomplete_name
CID100036811,dobutamine,D004280,Dobutamine,autocomplete_name
CID100037392,halofantrine,C023768,halofantrine,autocomplete_name
CID100038904,carboplatin,D016190,Carboplatin,autocomplete_name
CID100039042,bezafibrate,D001629,Bezafibrate,autocomplete_name
CID100039507,rimexolone,C013769,rimexolone,autocomplete_name
CID100039524,stiripentol,C021092,stiripentol,autocomplete_name
CID100039860,nabilone,C011941,nabilone,autocomplete_name
CID100040159,permethrin,D026023,Permethrin,autocomplete_name
CID100040632,pirfenidone,C093844,pirfenidone,autocomplete_name
CID100040703,pinaverium,C013199,pinaverium,autocomplete_name
CID100040973,desogestrel,D017135,Desogestrel,autocomplete_name
CID100040976,Implanon,C044815,etonogestrel,autocomplete_synonym
CID100041317,acitretin,D017255,Acitretin,autocomplete_name
CID100041684,nitazoxanide,C041747,nitazoxanide,autocomplete_name
CID100041693,sufentanil,D017409,Sufentanil,autocomplete_name
CID100041744,valrubicin,C016163,valrubicin,autocomplete_name
CID100041774,acarbose,D020909,Acarbose,autocomplete_name
CID100041781,torasemide,D000077786,Torsemide,autocomplete_synonym
CID100042113,desflurane,D000077335,Desflurane,autocomplete_name
CID100042395,Westcort,C038363,hydrocortisone valerate,autocomplete_synonym
CID100042955,misoprostol,D016595,Misoprostol,autocomplete_name
CID100045469,sodium,D012964,Sodium,autocomplete_name
CID100047319,atracurium,D001279,Atracurium,autocomplete_name
CID100047320,cisatracurium,C101584,cisatracurium,autocomplete_name
CID100047419,cefuroxime,D002444,Cefuroxime,autocomplete_name
CID100047471,butoconazole,C017125,butoconazole,autocomplete_name
CID100047528,nicorandil,D020108,Nicorandil,autocomplete_name
CID100047640,naftifine,C029178,naftifine,autocomplete_name
CID100050294,nedocromil,D017835,Nedocromil,autocomplete_name
CID100050614,cefotetan,D015313,Cefotetan,autocomplete_name
CID100051263,alfentanil,D015760,Alfentanil,autocomplete_name
CID100051577,miglitol,C045621,miglitol,autocomplete_name
CID100051634,miglustat,C059896,miglustat,autocomplete_name
CID100052421,prednicarbate,C035287,prednicarbate,autocomplete_name
CID100054158,mebrofenin,C000714007,mebrofenin,autocomplete_name
CID100054313,iloprost,D016285,Iloprost,autocomplete_name
CID100054331,fosfomycin,D005578,Fosfomycin,autocomplete_name
CID100054373,Octreotide,D015282,Octreotide,autocomplete_name
CID100054454,simvastatin,D019821,Simvastatin,autocomplete_name
CID100054547,cefpodoxime,C053268,cefpodoxime,autocomplete_name
CID100054688,clarithromycin,D017291,Clarithromycin,autocomplete_name
CID100054786,treprostinil,C427248,treprostinil,autocomplete_name
CID100055331,moexiprilat,C059506,moexiprilat,autocomplete_name
CID100055466,Gd-DTPA,D019786,Gadolinium DTPA,autocomplete_synonym
CID100055480,milnacipran,D000078764,Milnacipran,autocomplete_name
CID100056338,fosphenytoin,C043114,fosphenytoin,autocomplete_name
CID100056959,ranolazine,D000069458,Ranolazine,autocomplete_name
CID100057469,imiquimod,D000077271,Imiquimod,autocomplete_name
CID100057537,rotigotine,C047508,rotigotine,autocomplete_name
CID100057697,pemirolast,C055139,pemirolast,autocomplete_name
CID100059708,levetiracetam,D000077287,Levetiracetam,autocomplete_name
CID100059768,esmolol,C036604,esmolol,autocomplete_name
CID100060146,tamsulosin,D000077409,Tamsulosin,autocomplete_name
CID100060164,adapalene,D000068816,Adapalene,autocomplete_name
CID100060172,adefovir,C053001,adefovir,autocomplete_name
CID100060183,perindopril,D020913,Perindopril,autocomplete_name
CID100060184,perindopril,D020913,Perindopril,autocomplete_name
CID100060198,exemestane,C056516,exemestane,autocomplete_name
CID100060490,zileuton,C063449,zileuton,autocomplete_name
CID100060496,amlodipine,D017311,Amlodipine,autocomplete_name
CID100060612,dexmedetomidine,D020927,Dexmedetomidine,autocomplete_name
CID100060613,cidofovir,D000077404,Cidofovir,autocomplete_name
CID100060668,etoposide,D005047,Etoposide,autocomplete_name
CID100060695,rocuronium,D000077123,Rocuronium,autocomplete_name
CID100060706,meropenem,D000077731,Meropenem,autocomplete_name
CID100060714,gadoteridol,C062402,gadoteridol,autocomplete_name
CID100060726,bromfenac,C053083,bromfenac,autocomplete_name
CID100060751,mTHPC,C072269,temoporfin,autocomplete_synonym
CID100060752,ibutilide,C067192,ibutilide,autocomplete_name
CID100060754,gadodiamide,C064925,gadodiamide,autocomplete_name
CID100060787,saquinavir,D019258,Saquinavir,autocomplete_name
CID100060795,aripiprazole,D000068180,Aripiprazole,autocomplete_name
CID100060814,remifentanil,D000077208,Remifentanil,autocomplete_name
CID100060843,pemetrexed,D000068437,Pemetrexed,autocomplete_name
CID100060852,ibandronate,D000077557,Ibandronic Acid,autocomplete_synonym
CID100060853,ziprasidone,C092292,ziprasidone,autocomplete_name
CID100060867,levosimendan,D000077464,Simendan,autocomplete_synonym
CID100060871,adefovir,C053001,adefovir,autocomplete_name
CID100060877,emtricitabine,D000068679,Emtricitabine,autocomplete_name
CID100060878,eprosartan,C068373,eprosartan,autocomplete_name
CID100060936,tiludronate,C058651,tiludronic acid,autocomplete_synonym
CID100060953,capecitabine,D000069287,Capecitabine,autocomplete_name
CID100061475,sodium,D012964,Sodium,autocomplete_name
CID100061799,monomethylfumarate,C073341,citraconic acid,autocomplete_synonym
CID100062305,doxycycline,D004318,Doxycycline,autocomplete_name
CID100062816,colestipol,D003084,Colestipol,autocomplete_name
CID100062819,Metrodin,D050477,Urofollitropin,autocomplete_synonym
CID100062924,fluticasone,D000068298,Fluticasone,autocomplete_name
CID100062956,fosinoprilat,C046965,fosinoprilat,autocomplete_name
CID100062959,trovafloxacin,C080163,trovafloxacin,autocomplete_name
CID100062965,beclomethasone,D001507,Beclomethasone,autocomplete_name
CID100063001,benazeprilat,C052133,benazeprilat,autocomplete_name
CID100064147,valganciclovir,D000077562,Valganciclovir,autocomplete_name
CID100064778,Meropenem,D000077731,Meropenem,autocomplete_name
CID100064987,tenofovir,D000068698,Tenofovir,autocomplete_name
CID100065014,AMD3100,C088327,plerixafor,autocomplete_synonym
CID100065157,testosterone,D013739,Testosterone,autocomplete_name
CID100065840,colestimide,C417427,colestimide,autocomplete_name
CID100065856,reboxetine,D000077593,Reboxetine,autocomplete_name
CID100065863,sertaconazole,C061131,sertaconazole,autocomplete_name
CID100065866,lercanidipine,C060343,lercanidipine,autocomplete_name
CID100065999,telmisartan,D000077333,Telmisartan,autocomplete_name
CID100068613,atosiban,C047046,atosiban,autocomplete_name
CID100068844,brinzolamide,C111827,brinzolamide,autocomplete_name
CID100069512,malvidin,C065861,malvidin,autocomplete_name
CID100071158,acamprosate,D000077443,Acamprosate,autocomplete_name
CID100071273,ropivacaine,D000077212,Ropivacaine,autocomplete_name
CID100071301,nebivolol,D000068577,Nebivolol,autocomplete_name
CID100071316,mivacurium,D000077590,Mivacurium,autocomplete_name
CID100071329,dofetilide,C063533,dofetilide,autocomplete_name
CID100071360,iloperidone,C081732,iloperidone,autocomplete_name
CID100071406,TPGS,C014225,tocophersolan,autocomplete_synonym
CID100071436,Lutalyse,C010714,dinoprost tromethamine,autocomplete_synonym
CID100071469,erythromycin,D004917,Erythromycin,autocomplete_name
CID100071616,voriconazole,D065819,Voriconazole,autocomplete_name
CID100072022,perindoprilat,C053500,perindoprilat,autocomplete_name
CID100072054,darifenacin,C101207,darifenacin,autocomplete_name
CID100072111,rifaximin,D000078262,Rifaximin,autocomplete_name
CID100072466,bleomycin,D001761,Bleomycin,autocomplete_name
CID100072938,gemifloxacin,D000077735,Gemifloxacin,autocomplete_name
CID100073303,doripenem,D000077726,Doripenem,autocomplete_name
CID100073658,telithromycin,C106791,telithromycin,autocomplete_name
CID100074989,atovaquone,D053626,Atovaquone,autocomplete_name
CID100077992,frovatriptan,C108128,frovatriptan,autocomplete_name
CID100077993,eletriptan,C115647,eletriptan,autocomplete_name
CID100077996,paricalcitol,C084656,paricalcitol,autocomplete_name
CID100077997,MK-462,C093622,rizatriptan,autocomplete_synonym
CID100077998,rosiglitazone,D000077154,Rosiglitazone,autocomplete_name
CID100078032,Vallergan,D014291,Trimeprazine,autocomplete_synonym
CID100082146,bexarotene,D000077610,Bexarotene,autocomplete_name
CID100082148,agomelatine,C084711,agomelatine,autocomplete_name
CID100083030,Ge-132,C066750,propagermanium,autocomplete_synonym
CID100083513,barium,D001464,Barium,autocomplete_name
CID100083606,strontium,D013324,Strontium,autocomplete_name
CID100084003,ketorolac,D020910,Ketorolac,autocomplete_name
CID100091488,fluocinolone,C035394,fluocinolone,autocomplete_name
CID100093860,bortezomib,D000069286,Bortezomib,autocomplete_name
CID100096312,nelarabine,C104457,nelarabine,autocomplete_name
CID100104758,raltitrexed,C068874,raltitrexed,autocomplete_name
CID100104799,fotemustine,C054368,fotemustine,autocomplete_name
CID100104849,rimonabant,D000077285,Rimonabant,autocomplete_name
CID100104865,bosentan,D000077300,Bosentan,autocomplete_name
CID100107694,Diane-35,C032640,Cyproterone acetate ethinyl estradiol drug combination,autocomplete_synonym
CID100107969,FTY720,D000068876,Fingolimod Hydrochloride,autocomplete_synonym
CID100107994,quinaprilat,C054501,quinaprilat,autocomplete_name
CID100110635,tadalafil,D000068581,Tadalafil,autocomplete_name
CID100114709,eslicarbazepine,C571001,eslicarbazepine,autocomplete_name
CID100119182,clofarabine,D000077866,Clofarabine,autocomplete_name
CID100119607,valdecoxib,C406224,valdecoxib,autocomplete_name
CID100119828,parecoxib,C409945,parecoxib,autocomplete_name
CID100119830,tenofovir,D000068698,Tenofovir,autocomplete_name
CID100121396,N-carbamylglutamate,C006895,N-carbamylglutamate,autocomplete_name
CID100121749,ustekinumab,D000069549,Ustekinumab,autocomplete_name
CID100121892,retigabine,C101866,ezogabine,autocomplete_synonym
CID100122197,FP-CIT,C087552,(18)F-FP-CIT,autocomplete_synonym
CID100122316,rasagiline,C031967,rasagiline,autocomplete_name
CID100123015,SU5416,C116890,Semaxinib,autocomplete_synonym
CID100123597,travoprost,D000069557,Travoprost,autocomplete_name
CID100123606,almotriptan,C409045,almotriptan,autocomplete_name
CID100123610,Eptifibatide,D000077542,Eptifibatide,autocomplete_name
CID100123611,fondaparinux,D000077425,Fondaparinux,autocomplete_name
CID100123619,etoricoxib,D000077613,Etoricoxib,autocomplete_name
CID100123623,Cancidas,D000077336,Caspofungin,autocomplete_synonym
CID100123631,gefitinib,D000077156,Gefitinib,autocomplete_name
CID100123634,Trisequens,C032040,Trisequens,autocomplete_name
CID100123809,Madopar,C005177,benserazide levodopa drug combination,autocomplete_synonym
CID100124087,desloratadine,C121345,desloratadine,autocomplete_name
CID100125889,pregabalin,D000069583,Pregabalin,autocomplete_name
CID100127909,bimatoprost,D000069580,Bimatoprost,autocomplete_name
CID100128549,trandolaprilat,C061095,trandolaprilat,autocomplete_name
CID100129228,rufinamide,C079703,rufinamide,autocomplete_name
CID100130564,esomeprazole,D064098,Esomeprazole,autocomplete_name
CID100130881,olmesartan,C437965,olmesartan,autocomplete_name
CID100131535,fosamprenavir,C426859,fosamprenavir,autocomplete_name
CID100132804,pitavastatin,C108475,pitavastatin,autocomplete_name
CID100132971,abiraterone,C089740,abiraterone,autocomplete_name
CID100132999,ivabradine,D000077550,Ivabradine,autocomplete_name
CID100134018,febuxostat,D000069465,Febuxostat,autocomplete_name
CID100134019,pixantrone,C086548,pixantrone,autocomplete_name
CID100134780,pomalidomide,C467566,pomalidomide,autocomplete_name
CID100147740,drospirenone,C035144,drospirenone,autocomplete_name
CID100147912,posaconazole,C101425,posaconazole,autocomplete_name
CID100148121,pralatrexate,C418863,10-propargyl-10-deazaaminopterin,autocomplete_synonym
CID100148127,ospemifene,C119141,Ospemifene,autocomplete_name
CID100148191,temsirolimus,C401859,temsirolimus,autocomplete_name
CID100148211,palonosetron,D000077924,Palonosetron,autocomplete_name
CID100150310,eplerenone,D000077545,Eplerenone,autocomplete_name
CID100150311,ezetimibe,D000069438,Ezetimibe,autocomplete_name
CID100150610,ertapenem,D000077727,Ertapenem,autocomplete_name
CID100151075,nepafenac,C414203,nepafenac,autocomplete_name
CID100151165,aprepitant,D000077608,Aprepitant,autocomplete_name
CID100151171,conivaptan,C106389,conivaptan,autocomplete_name
CID100152945,dutasteride,D000068538,Dutasteride,autocomplete_name
CID100153941,entecavir,C413685,entecavir,autocomplete_name
CID100153994,clevidipine,C118563,clevidipine,autocomplete_name
CID100154256,bazedoxifene,C447119,bazedoxifene,autocomplete_name
CID100156326,asenapine,C522667,asenapine,autocomplete_name
CID100156418,cinacalcet,D000069449,Cinacalcet,autocomplete_name
CID100157688,vinflunine,C111217,vinflunine,autocomplete_name
CID100157920,lubiprostone,D000068238,Lubiprostone,autocomplete_name
CID100158781,olmesartan,C437965,olmesartan,autocomplete_name
CID100158786,pegaptanib,C495058,pegaptanib,autocomplete_name
CID100159247,sevelamer,D000069603,Sevelamer,autocomplete_name
CID100163296,tipranavir,C107201,tipranavir,autocomplete_name
CID100166548,Anidulafungin,D000077612,Anidulafungin,autocomplete_name
CID100168924,lanthanum,D007811,Lanthanum,autocomplete_name
CID100170361,varenicline,D000068580,Varenicline,autocomplete_name
CID100171558,Kaluril,D000584,Amiloride,autocomplete_synonym
CID100179344,eslicarbazepine,C571001,eslicarbazepine,autocomplete_name
CID100185457,S-benzoylmercaptoacetyltriglycine,C111010,S-benzoylmercaptoacetyltriglycine,autocomplete_name
CID100192155,Prednefrin,C009020,prednefrin,autocomplete_name
CID100193962,etravirine,C451734,etravirine,autocomplete_name
CID100197712,ambrisentan,C467894,ambrisentan,autocomplete_name
CID100208898,dronedarone,D000077764,Dronedarone,autocomplete_name
CID100208902,ramelteon,C495910,ramelteon,autocomplete_name
CID100208908,lapatinib,D000077341,Lapatinib,autocomplete_name
CID100208920,NuvaRing,C516519,NuvaRing,autocomplete_name
CID100213023,dabigatran,D000069604,Dabigatran,autocomplete_name
CID100213039,darunavir,D000069454,Darunavir,autocomplete_name
CID100214339,luliconazole,C112528,luliconazole,autocomplete_name
CID100216209,aliskiren,C446481,aliskiren,autocomplete_name
CID100216210,dabigatran,D000069604,Dabigatran,autocomplete_name
CID100216235,sitaxsentan,C106276,sitaxsentan,autocomplete_name
CID100216237,tolvaptan,D000077602,Tolvaptan,autocomplete_name
CID100216239,sorafenib,D000077157,Sorafenib,autocomplete_name
CID100216326,lenalidomide,D000077269,Lenalidomide,autocomplete_name
CID100216416,lasofoxifene,C111332,Lasofoxifene,autocomplete_name
CID100219024,regadenoson,C430916,regadenoson,autocomplete_name
CID100219078,lacosamide,D000078334,Lacosamide,autocomplete_name
CID100219084,Gd-EOB-DTPA,C073590,gadolinium ethoxybenzyl DTPA,autocomplete_synonym
CID100219090,fosaprepitant,C579707,fosaprepitant,autocomplete_name
CID100222786,cortisone,D003348,Cortisone,autocomplete_name
CID100315411,18F-FDG,D019788,Fluorodeoxyglucose F18,autocomplete_synonym
CID100358641,trimethoprim-sulfamethoxazole,D015662,Trimethoprim Sulfamethoxazole Drug Combination,autocomplete_synonym
CID100441332,carboprost,D002260,Carboprost,autocomplete_name
CID100441382,natamycin,D010866,Natamycin,autocomplete_name
CID100444006,cefditoren,C073460,cefditoren,autocomplete_name
CID100444013,gadoversetamide,C112666,gadoversetamide,autocomplete_name
CID100444033,ciclesonide,C120481,ciclesonide,autocomplete_name
CID100449193,roflumilast,C424423,Roflumilast,autocomplete_name
CID100455658,hemin,D006427,Hemin,autocomplete_name
CID100477468,FK463,D000077551,Micafungin,autocomplete_synonym
CID100483407,maraviroc,D000077592,Maraviroc,autocomplete_name
CID100489129,efinaconazole,C431707,efinaconazole,autocomplete_name
CID100517045,sodium,D012964,Sodium,autocomplete_name
CID100644241,nilotinib,C498826,nilotinib,autocomplete_name
CID100656628,silodosin,C095285,silodosin,autocomplete_name
CID100656892,TMC207,C493870,bedaquiline,autocomplete_synonym
CID100657298,propylthiouracil,D011441,Propylthiouracil,autocomplete_name
CID100667490,6-mercaptopurine,D015122,Mercaptopurine,autocomplete_synonym
CID101349907,methimazole,D008713,Methimazole,autocomplete_name
CID102723601,6-thioguanine,D013866,Thioguanine,autocomplete_synonym
CID102761171,ethionamide,D005000,Ethionamide,autocomplete_name
CID103006171,rilpivirine,D000068696,Rilpivirine,autocomplete_name
CID103038497,fospropofol,C472965,fospropofol,autocomplete_name
CID103052762,prucalopride,C406662,prucalopride,autocomplete_name
CID103055172,pimecrolimus,C117268,pimecrolimus,autocomplete_name
CID103062316,dasatinib,D000069439,Dasatinib,autocomplete_name
CID103080904,Estrofem,C044003,estradiol estriol drug combination,autocomplete_synonym
CID103081361,vandetanib,C452423,vandetanib,autocomplete_name
CID103081362,telavancin,C487637,telavancin,autocomplete_name
CID103085017,sevelamer,D000069603,Sevelamer,autocomplete_name
CID103086685,axitinib,D000077784,Axitinib,autocomplete_name
CID103086686,sunitinib,D000077210,Sunitinib,autocomplete_name
CID104474778,2-hydroxysuccinaldehyde,C105896,2-hydroxysuccinaldehyde,autocomplete_name
CID104479094,doxercalciferol,C042533,1 alpha-hydroxyergocalciferol,autocomplete_synonym
CID104479097,hydroxocobalamin,D006879,Hydroxocobalamin,autocomplete_name
CID104517618,sodium,D012964,Sodium,autocomplete_name
CID104659568,entacapone,C071192,entacapone,autocomplete_name
CID104659569,tolcapone,D000077867,Tolcapone,autocomplete_name
CID105001396,warfarin,D014859,Warfarin,autocomplete_name
CID105251896,vildagliptin,D000077597,Vildagliptin,autocomplete_name
CID105277135,elvitegravir,C509700,elvitegravir,autocomplete_name
CID105281007,dacarbazine,D003606,Dacarbazine,autocomplete_name
CID105310993,acipimox,C027696,acipimox,autocomplete_name
CID105311167,halobetasol,C064466,halobetasol,autocomplete_name
CID105327147,polyoxyethylene,D011092,Polyethylene Glycols,autocomplete_synonym
CID105328940,bosutinib,C471992,bosutinib,autocomplete_name
CID105353894,pralidoxime,C028797,pralidoxime,autocomplete_name
CID105353980,sulfasalazine,D012460,Sulfasalazine,autocomplete_name
CID105359596,arsenic,D001151,Arsenic,autocomplete_name
CID105360237,Paroven,C005865,troxerutin,autocomplete_synonym
CID105361912,rifabutin,D017828,Rifabutin,autocomplete_name
CID105361917,methylnaltrexone,C032257,methylnaltrexone,autocomplete_name
CID105362070,balsalazide,C038637,balsalazide,autocomplete_name
CID105362420,verteporfin,D000077362,Verteporfin,autocomplete_name
CID105381226,rifampicin,D012293,Rifampin,autocomplete_synonym
CID105462337,olsalazine,C032587,olsalazine,autocomplete_name
CID105464096,ramiprilat,C052549,ramiprilat,autocomplete_name
CID105487068,Mersyndol,C044633,mersyndol,autocomplete_name
CID105487301,tegaserod,C105050,tegaserod,autocomplete_name
CID105488383,ofatumumab,C527517,ofatumumab,autocomplete_name
CID105488547,alvimopan,C419502,alvimopan,autocomplete_name
CID105493381,deferasirox,D000077588,Deferasirox,autocomplete_name
CID106102852,gadobutrol,C090600,gadobutrol,autocomplete_name
CID106323497,rifapentine,C018421,rifapentine,autocomplete_name
CID106326970,selenium,D012643,Selenium,autocomplete_name
CID106328144,radium,D011883,Radium,autocomplete_name
CID106331630,eribulin,C490954,eribulin,autocomplete_name
CID106333887,auranofin,D001310,Auranofin,autocomplete_name
CID106398970,cefdinir,D000077525,Cefdinir,autocomplete_name
CID106433082,hexaminolevulinate,C419924,5-aminolevulinic acid hexyl ester,autocomplete_synonym
CID106433091,tapentadol,D000077432,Tapentadol,autocomplete_name
CID106433101,tafluprost,C485333,tafluprost,autocomplete_name
CID106433117,indacaterol,C510790,indacaterol,autocomplete_name
CID106433119,rivaroxaban,D000069552,Rivaroxaban,autocomplete_name
CID106435110,ivermectin,D007559,Ivermectin,autocomplete_name
CID106437075,Timentin,C043215,ticarcillin-clavulanic acid,autocomplete_synonym
CID106440191,fidaxomicin,D000077732,Fidaxomicin,autocomplete_name
CID106442177,everolimus,D000068338,Everolimus,autocomplete_name
CID106445540,ixabepilone,C430592,ixabepilone,autocomplete_name
CID106452749,Locorten,C005565,flumethasone pivalate,autocomplete_synonym
CID106453361,Sativex,C587251,nabiximols,autocomplete_synonym
CID106477186,delamanid,C516022,OPC-67683,autocomplete_synonym
CID106850789,iron,D007501,Iron,autocomplete_name
CID106918182,strontium,D013324,Strontium,autocomplete_name
CID106918366,fosaprepitant,C579707,fosaprepitant,autocomplete_name
CID106918430,ceftobiprole,C443755,ceftobiprole,autocomplete_name
CID106918462,retapamulin,C508887,retapamulin,autocomplete_name
CID106918558,fesoterodine,C526675,fesoterodine,autocomplete_name
CID106918584,sugammadex,D000077122,Sugammadex,autocomplete_name
CID106918638,belinostat,C487081,belinostat,autocomplete_name
CID106918670,PEP005,C486592,3-ingenyl angelate,autocomplete_synonym
CID109794842,tasimelteon,C478745,tasimelteon,autocomplete_name
CID109800339,olodaterol,C549647,olodaterol,autocomplete_name
CID109810131,ceftaroline,C490727,T 91825,autocomplete_synonym
CID109811221,cabazitaxel,C552428,cabazitaxel,autocomplete_name
CID109812414,dalteparin,D017985,Dalteparin,autocomplete_name
CID109818231,tofacitinib,C479163,tofacitinib,autocomplete_name
CID109825285,azilsartan,C521273,azilsartan,autocomplete_name
CID109831414,Lovaza,C405603,Omacor,autocomplete_synonym
CID109831783,Stalevo,C481098,Stalevo,autocomplete_name
CID109846180,eltrombopag,C520809,eltrombopag,autocomplete_name
CID109853053,lomitapide,C473731,BMS201038,autocomplete_synonym
CID109854489,fluticasone,D000068298,Fluticasone,autocomplete_name
CID109865528,mirabegron,C520025,mirabegron,autocomplete_name
CID109869929,avanafil,C553414,avanafil,autocomplete_name
CID109871419,ticagrelor,D000077486,Ticagrelor,autocomplete_name
CID109887712,dapagliflozin,C529054,dapagliflozin,autocomplete_name
CID109912092,apremilast,C505730,apremilast,autocomplete_name
CID109924495,perampanel,C551441,perampanel,autocomplete_name
CID109930048,vernakalant,C524581,vernakalant,autocomplete_name
CID110028615,vorapaxar,C530299,vorapaxar,autocomplete_name
CID110096344,linagliptin,D000069476,Linagliptin,autocomplete_name
CID110113978,pazopanib,C516667,pazopanib,autocomplete_name
CID110163178,afatinib,D000077716,Afatinib,autocomplete_name
CID110178705,besifloxacin,C522124,besifloxacin,autocomplete_name
CID110182969,apixaban,C522181,apixaban,autocomplete_name
CID110324367,boceprevir,C512204,N-(3-amino-1-(cyclobutylmethyl)-2 3-dioxopropyl)-3-(2-((((1 1-dimethylethyl)amino)carbonyl)amino)-3 3-dimethyl-1-oxobutyl)-6 6-dimethyl-3-azabicyclo(3.1.0)hexan-2-carboxamide,autocomplete_synonym
CID110465263,lorcaserin,C506658,lorcaserin,autocomplete_name
CID110482134,glycerol,D005990,Glycerol,autocomplete_name
CID111001318,tafamidis,C547076,tafamidis,autocomplete_name
CID111163584,alogliptin,C520853,alogliptin,autocomplete_name
CID111167602,regorafenib,C559147,regorafenib,autocomplete_name
CID111234049,TR-700,C546016,tedizolid,autocomplete_synonym
CID111235728,Saxagliptin,C502994,saxagliptin,autocomplete_name
CID111238823,azilsartan,C521273,azilsartan,autocomplete_name
CID111254352,sodium,D012964,Sodium,autocomplete_name
CID111304743,riociguat,C542595,riociguat,autocomplete_name
CID111499245,AN2690,C512998,tavaborole,autocomplete_synonym
CID111501341,florbetaben,C527756,18F-BAY94-9172,autocomplete_synonym
CID111505907,Zyprexa,D000077152,Olanzapine,autocomplete_synonym
CID111519069,umeclidinium,C573971,GSK573719,autocomplete_synonym
CID111531537,eliglustat,C522917,eliglustat,autocomplete_name
CID111556711,Carfilzomib,C524865,carfilzomib,autocomplete_name
CID111593706,sevelamer,D000069603,Sevelamer,autocomplete_name
CID111597571,crizotinib,D000077547,Crizotinib,autocomplete_name
CID111707110,trametinib,C560077,trametinib,autocomplete_name
CID111722286,spinosad,C415329,spinosad,autocomplete_name
CID111947681,nitroprusside,D009599,Nitroprusside,autocomplete_name
CID111949646,empagliflozin,C570240,empagliflozin,autocomplete_name
CID113559279,ulipristal,C094854,ulipristal,autocomplete_name
CID115951529,MDV3100,C540278,enzalutamide,autocomplete_synonym
CID116004692,macitentan,C533860,macitentan,autocomplete_name
CID116065945,TMC435,D000069616,Simeprevir,autocomplete_synonym
CID116126651,PCI-32765,C551803,ibrutinib,autocomplete_synonym
CID116129629,LY146032,D017576,Daptomycin,autocomplete_synonym
CID116129672,Insulin,D007328,Insulin,autocomplete_name
CID116129682,Forteo,D019379,Teriparatide,autocomplete_synonym
CID116131215,Abarelix,C423508,abarelix,autocomplete_name
CID116132283,glucagon,D005934,Glucagon,autocomplete_name
CID116132418,NovoLog,D061267,Insulin Aspart,autocomplete_synonym
CID116132438,Humalog,D061268,Insulin Lispro,autocomplete_synonym
CID116136245,degarelix,C431566,acetyl-2-naphthylalanyl-3-chlorophenylalanyl-1-oxohexadecyl-seryl-4-aminophenylalanyl(hydroorotyl)-4-aminophenylalanyl(carbamoyl)-leucyl-ILys-prolyl-alaninamide,autocomplete_synonym
CID116137271,insulin,D007328,Insulin,autocomplete_name
CID116139342,Lyxumia,C479460,lixisenatide,autocomplete_synonym
CID116139605,teduglutide,C494910,teduglutide,autocomplete_name
CID116156130,exenatide,D000077270,Exenatide,autocomplete_name
CID116158207,linaclotide,C523483,linaclotide,autocomplete_name
CID116213095,pentastarch,D006895,Hydroxyethyl Starch Derivatives,autocomplete_synonym
CID116220172,ivacaftor,C545203,ivacaftor,autocomplete_name
CID117754772,ruxolitinib,C540383,ruxolitinib,autocomplete_name
CID119371515,alcaftadine,C557708,alcaftadine,autocomplete_name
CID123689036,pertechnetate,D013670,Sodium Pertechnetate Tc 99m,autocomplete_synonym
CID123690938,piroxicam,D010894,Piroxicam,autocomplete_name
CID124762228,Azarga,C571752,Azarga,autocomplete_name
CID124776445,vismodegib,C538724,HhAntag691,autocomplete_synonym
CID124812758,canagliflozin,D000068896,Canagliflozin,autocomplete_name
CID124822371,florbetapir,C545186,florbetapir,autocomplete_name
CID124826799,ponatinib,C545373,ponatinib,autocomplete_name
CID124838347,glucagon,D005934,Glucagon,autocomplete_name
CID124846132,hetastarch,D006895,Hydroxyethyl Starch Derivatives,autocomplete_synonym
CID124950485,cobicistat,D000069547,Cobicistat,autocomplete_name
CID124965990,suvorexant,C551624,suvorexant,autocomplete_name
CID125094462,sofosbuvir,D000069474,Sofosbuvir,autocomplete_name
CID125102847,cabozantinib,C558660,cabozantinib,autocomplete_name
CID125880656,doxycycline,D004318,Doxycycline,autocomplete_name
CID125880664,tetracycline,D013752,Tetracycline,autocomplete_name
CID126275995,minocycline,D008911,Minocycline,autocomplete_name
CID140468184,acenocoumarol,D000074,Acenocoumarol,autocomplete_name
CID142611257,vemurafenib,D000077484,Vemurafenib,autocomplete_name
CID144134877,oxytetracycline,D010118,Oxytetracycline,autocomplete_name
CID144146714,Lantus,D000069036,Insulin Glargine,autocomplete_synonym
CID144201343,ecallantide,C511194,ecallantide,autocomplete_name
CID144462760,dabrafenib,C561627,dabrafenib,autocomplete_name
CID144564107,mipomersen,C524142,mipomersen,autocomplete_name
CID144564722,Promacta,C520809,eltrombopag,autocomplete_synonym
CID144567678,dalbavancin,C469289,dalbavancin,autocomplete_name
CID146216142,dolutegravir,C562325,dolutegravir,autocomplete_name
CID151508717,tenoxicam,C032801,tenoxicam,autocomplete_name
CID151601240,demeclocycline,D003707,Demeclocycline,autocomplete_name
CID153477714,heparin,D006493,Heparin,autocomplete_name
CID154681041,tigecycline,D000078304,Tigecycline,autocomplete_name
CID154682541,doxycycline,D004318,Doxycycline,autocomplete_name
CID154687131,lymecycline,D008194,Lymecycline,autocomplete_name
CID156603655,pegaptanib,C495058,pegaptanib,autocomplete_name
CID170695640,colestyramine,D002792,Cholestyramine Resin,autocomplete_synonym
