atc_prefix,name,kind,reason,source,quote
N,Nervous system,group,the registered rule: any drug with a code in anatomical group N,"ATC index of the WHO Collaborating Centre, group name as given by RxNav (RxClass), read 10 October 2026",
H,"Systemic hormonal preparations, excl. sex hormones and insulins",group: hormones,hormones and their analogues; their receptors are in the graph,"ATC index of the WHO Collaborating Centre, group name as given by RxNav (RxClass), read 10 October 2026",
G03,Sex hormones and modulators of the genital system,group: hormones,sex hormones and modulators of their receptors; the receptors are in the graph,"ATC index of the WHO Collaborating Centre, group name as given by RxNav (RxClass), read 10 October 2026",
C02A,"Antiadrenergic agents, centrally acting",group: named centrally acting,the ATC name of the group states central action,"ATC index of the WHO Collaborating Centre, group name as given by RxNav (RxClass), read 10 October 2026",
M03B,"Muscle relaxants, centrally acting agents",group: named centrally acting,the ATC name of the group states central action,"ATC index of the WHO Collaborating Centre, group name as given by RxNav (RxClass), read 10 October 2026",
A08AA,Centrally acting antiobesity products,group: named centrally acting,the ATC name of the group states central action,"ATC index of the WHO Collaborating Centre, group name as given by RxNav (RxClass), read 10 October 2026",
R05DA,Opium alkaloids and derivatives,group: opioids,opioid cough suppressants; the same receptors as the opioids of group N02A,"ATC index of the WHO Collaborating Centre, group name as given by RxNav (RxClass), read 10 October 2026","Dextromethorphan acts centrally to elevate the threshold for coughing. (US label of a dextromethorphan product, clinical pharmacology, openFDA set 01ea6357-24dc-4056-9fd2-9e643650b91f)"
A03FA01,metoclopramide,named drug,dopamine receptor antagonist whose label states a central action,"US label, clinical pharmacology, openFDA set 0034a97a-fb05-418a-a234-de278907cd2a",The antiemetic properties of metoclopramide appear to be a result of its antagonism of central and peripheral dopamine receptors.
A04AD10,dronabinol,named drug,cannabinoid receptor agonist whose label states effects on the central nervous system,"US label, mechanism of action, openFDA set 3cdcb4f5-5af9-4ff7-b535-2a5cf4c6da89","Dronabinol is an orally active cannabinoid that has complex effects on the CNS, including central sympathomimetic activity."
A04AD11,nabilone,named drug,cannabinoid receptor agonist whose label states effects on the central nervous system,"US label of Cesamet (2006), clinical pharmacology, https://www.accessdata.fda.gov/drugsatfda_docs/label/2006/018677s011lbl.pdf, read through a fetch tool","is an orally active synthetic cannabinoid which, like other cannabinoids, has complex effects on the central nervous system (CNS)."
A04AD12,aprepitant,named drug,neurokinin 1 receptor antagonist whose label states that it crosses the blood-brain barrier,"US label, mechanism of action, openFDA set 377c3ecb-fdec-dde4-e063-6294a90a29bd",Animal and human Positron Emission Tomography (PET) studies with aprepitant have shown that it crosses the blood brain barrier and occupies brain NK 1 receptors.
A08AX01,rimonabant,named drug,cannabinoid receptor 1 antagonist; the European summary places its receptors in the nervous system,"EMA public summary of Acomplia, https://www.ema.europa.eu/en/documents/overview/acomplia-epar-summary-public_en.pdf, read through a fetch tool","These receptors are found in the nervous system, and they are part of the system the body uses to control food intake."
R06AD02,promethazine,named drug,phenothiazine H1 antagonist whose label states a sedative effect beside the antihistaminic one,"US label, clinical pharmacology, openFDA set 05907a49-537f-4bf2-8a5f-5e905f19fece","In addition to its antihistaminic action, it provides clinically useful sedative and antiemetic effects."
