table,species_or_source,target_or_species,proposed_mechanism,pmid,doi,reason
ros_targets,lipid hydroperoxides,GPX4,GPX4 reduces phospholipid hydroperoxides; its loss drives ferroptotic lipid peroxidation,25402683,10.1038/ncb3064,"Relation is verified as substrate/counter-regulator, not as a signed species->target activity edge: the cited work shows Gpx4 knockout causes lipid-oxidation-induced death, not that a specific ROS/RNS species directly changes GPX4 activity. No abstract-level evidence found for direct oxidative or nitrative modification of GPX4."
ros_targets,glutathione depletion (not a listed ROS species),GPX4,GSH depletion inactivates glutathione peroxidases including GPX4; GPX4 is directly inhibited by a second class of ferroptosis inducers,24439385,10.1016/j.cell.2013.12.010,"Inactivating agent is GSH depletion or small-molecule inhibitors, not an ROS or RNS species, so the edge does not fit the Table 1 schema."
ros_targets,polyunsaturated fatty acid supply,ACSL4,"ACSL4 enriches membranes with long polyunsaturated omega-6 fatty acids, the substrate pool for lipid peroxidation",27842070,10.1038/nchembio.2239,ACSL4 acts upstream of lipid hydroperoxide formation (substrate provision) rather than being a redox target; no evidence found that an ROS/RNS species directly changes ACSL4 enzymatic activity.
ros_targets,"electrophilic phase-2 inducers (sulforaphane, dexamethasone mesylate, dipyridyl disulfides)",KEAP1,"The most reactive KEAP1 cysteines (C257, C273, C288, C297) in the BTB-Kelch intervening region are the direct sensors",12193649,10.1073/pnas.172398899,"Strong mechanistic support for the KEAP1 cysteine-sensor model, but the modifying agents tested were synthetic electrophiles and thiol titrants, not an ROS or RNS species, so the row has no valid species value."
ros_targets,hydrogen peroxide / nitric oxide,GRIN2B,Expected redox and S-nitrosylation modulation of the GluN2B subunit by analogy with GRIN1 and GRIN2A,,,No primary article found in this search assigning a specific redox-sensitive cysteine or a signed activity change to GRIN2B; the fast redox component is specific to NR1/NR2A. Left unverified rather than inferred.
ros_sources,NDUFS1,superoxide,Complex I core subunit carrying the N2 [4Fe-4S] cluster; often named as a complex I ROS site,21393237,10.1074/jbc.M110.186841,"The cited evidence localises complex I superoxide production to the reduced flavin, not to NDUFS1. Assigning the edge to NDUFS1 would be an inference beyond the abstract."
ros_sources,CYC1,superoxide,Cytochrome c1 subunit of complex III,20688078,10.1016/j.yjmcc.2010.07.015,Complex III superoxide is generated at the Qo site; CYC1 sits in the high-potential chain downstream of Qo and is not identified as the generating site in any abstract found.
ros_sources,NOS1,superoxide and nitric oxide,Brain (neuronal) NOS generates superoxide in a Ca2+/calmodulin-dependent manner via its flavin domain,1280257,,"Primary evidence located (Pou et al., J Biol Chem 1992;267:24173-6, 'Generation of superoxide by purified brain nitric oxide synthase') but PubMed/NCBI ID conversion returns no DOI for this record, so the row fails the DOI requirement."
ros_sources,NCF1,superoxide,p47phox cytosolic organiser subunit required for NOX2 assembly and activation,,,"No single abstract found in this search that both names NCF1/p47phox and states superoxide production in a way usable as a verbatim quote; the LPS paper cited for CYBA/NCF2 names p22phox, p67phox and gp91phox but not p47phox."
ros_sources,NOX3,superoxide,NOX3 is a superoxide-generating NADPH oxidase of the inner ear,,,Not searched to verification within this curation pass; no PMID/DOI/quote collected.
