receptor_gene,endogenous_ligand,population,role,site,effect_on_release,mechanism,species_evidence,pmid,doi,supporting_quote
DRD2,dopamine,dopaminergic,autoreceptor,somatodendritic,-1,"Gi/o, GIRK activation",rodent,21248720,10.1038/npp.2010.237,Somatodendritic dopamine release within the VTA exerts powerful feedback inhibition of dopamine neuron activity via stimulation of D(2) autoreceptors and subsequent activation of G protein-gated inwardly rectifying K(+) (GIRK) channels.
DRD2,dopamine,dopaminergic,autoreceptor,presynaptic_terminal,-1,"Gi/o, reduced vesicular exocytosis",rodent,29030431,10.1523/JNEUROSCI.0596-17.2017,"D2 receptors in CINs mediate a fast inhibition observed within 100 ms of the first pulse, whereas D2 autoreceptors in DAN terminals are engaged in a slower inhibition that peaks at ~500 ms."
DRD3,dopamine,dopaminergic,autoreceptor,somatodendritic,-1,"Gi/o, GIRK activation",rodent,15572168,10.1016/j.brainresrev.2004.05.002,"Furthermore, released DA, via D2/D3 autoreceptors, produces an autoinhibitory effect upon DA cell firing and its own release process."
DRD3,dopamine,dopaminergic,autoreceptor,presynaptic_terminal,-1,"Gi/o, Cav2 inhibition",rodent,9539213,10.1016/s0306-4522(97)00565-4,"In addition, dopamine D2/D3 autoreceptors restrain dopamine release while (terminal-localized) serotonin-1B receptors reduce serotonin release."
HTR2C,serotonin,dopaminergic,heteroreceptor,somatodendritic,-1,Gq on local GABA interneurons; net reduction of DA cell firing,rodent,10579808,10.1002/(SICI)1098-2396(200001)35:1<53::AID-SYN7>3.0.CO;2-2,Both mCPP (5-320 microg/kg i. v.) and MK 212 (5-320 microg/kg i.v.) dose-dependently decreased the firing rate of VTA DA neurons.
ADRA2A,noradrenaline,dopaminergic,heteroreceptor,presynaptic_terminal,-1,"Gi/o, Cav2 inhibition",rodent,9539213,10.1016/s0306-4522(97)00565-4,"Most notably, activation of alpha2-adrenergic receptors inhibits the release of noradrenaline, dopamine and serotonin in each case, while stimulation of serotonin-1A receptors suppresses serotonin, yet facilitates noradrenaline and dopamine release."
CHRNB2,acetylcholine,dopaminergic,heteroreceptor,presynaptic_terminal,1,ionotropic cation,rodent,22396410,10.1523/JNEUROSCI.4985-11.2012,Striatal dopamine (DA) transmission is critical to the acquisition and maintenance of drug addiction and is modulated strongly by nicotine acting at heteromeric beta2-containing (beta2*) nAChRs.
CHRNA4,acetylcholine,dopaminergic,heteroreceptor,presynaptic_terminal,1,ionotropic cation,rodent,22396410,10.1523/JNEUROSCI.4985-11.2012,"We show that the nAChR subtypes that dominantly regulate dopamine transmission depend critically upon alpha5 subunits in the dorsal CPu in alpha4alpha5(non-alpha6)beta2-nAChRs but not in NAc core, where alpha4alpha6beta2beta3-nAChRs are required."
CHRNA5,acetylcholine,dopaminergic,heteroreceptor,presynaptic_terminal,1,ionotropic cation,rodent,22396410,10.1523/JNEUROSCI.4985-11.2012,"We show that the nAChR subtypes that dominantly regulate dopamine transmission depend critically upon alpha5 subunits in the dorsal CPu in alpha4alpha5(non-alpha6)beta2-nAChRs but not in NAc core, where alpha4alpha6beta2beta3-nAChRs are required."
CHRNA6,acetylcholine,dopaminergic,heteroreceptor,presynaptic_terminal,1,ionotropic cation,rodent,22396410,10.1523/JNEUROSCI.4985-11.2012,"We show that the nAChR subtypes that dominantly regulate dopamine transmission depend critically upon alpha5 subunits in the dorsal CPu in alpha4alpha5(non-alpha6)beta2-nAChRs but not in NAc core, where alpha4alpha6beta2beta3-nAChRs are required."
CHRNB3,acetylcholine,dopaminergic,heteroreceptor,presynaptic_terminal,1,ionotropic cation,rodent,22396410,10.1523/JNEUROSCI.4985-11.2012,"We show that the nAChR subtypes that dominantly regulate dopamine transmission depend critically upon alpha5 subunits in the dorsal CPu in alpha4alpha5(non-alpha6)beta2-nAChRs but not in NAc core, where alpha4alpha6beta2beta3-nAChRs are required."
GABBR1,GABA,dopaminergic,heteroreceptor,somatodendritic,-1,"Gi/o, GIRK activation",rodent,21248720,10.1038/npp.2010.237,"In contrast, GABA(B) receptor/GIRK-mediated inhibition and its desensitization are not affected."
GABBR2,GABA,dopaminergic,heteroreceptor,somatodendritic,-1,"Gi/o, GIRK activation",rodent,21248720,10.1038/npp.2010.237,"In contrast, GABA(B) receptor/GIRK-mediated inhibition and its desensitization are not affected."
GABBR1,GABA,dopaminergic,heteroreceptor,presynaptic_terminal,-1,"Gi/o, Cav2 inhibition",rodent,24953818,10.1016/j.bcp.2014.06.010,Activation of presynaptic GABAB receptors with (R)-baclofen decreased both [(3)H]-GABA and [(3)H]-DA release evoked by potassium depolarization.
GABBR2,GABA,dopaminergic,heteroreceptor,presynaptic_terminal,-1,"Gi/o, Cav2 inhibition",rodent,24953818,10.1016/j.bcp.2014.06.010,Activation of presynaptic GABAB receptors with (R)-baclofen decreased both [(3)H]-GABA and [(3)H]-DA release evoked by potassium depolarization.
ADORA1,adenosine,dopaminergic,heteroreceptor,presynaptic_terminal,-1,"Gi/o, Cav2 inhibition",rodent,21401497,10.2174/156802611795347564,"Activation of presynaptic A(1) receptors inhibits the release of the majority of transmitters including glutamate, acetylcholine, noradrenaline, 5-HT and dopamine, whilst the stimulation of A(2A) receptors facilitates the release of glutamate and acetylcholine and inhibits the release of GABA."
GRIN1,glutamate,dopaminergic,heteroreceptor,somatodendritic,1,ionotropic cation (NMDA; GRIN1 obligatory subunit),rodent,15572168,10.1016/j.brainresrev.2004.05.002,An increased glutamatergic (Gluergic) transmission into the SN facilitates such dendritic DA release via activation of NMDA-receptors (NMDA-Rs) and to a lesser extent through group II metabotropic glutamate receptors (mGluRs).
HTR1A,serotonin,serotonergic,autoreceptor,somatodendritic,-1,"Gi/o, GIRK activation",rodent,11821026,10.1016/s0014-2999(01)01607-7,"In conclusion, the loss of control of the 5-HT1A autoreceptor in 5-HT1A-/- mice lead to a significant enhancement of 5-HT neuronal firing, but it did not alter 5-HT or norepinephrine release in any of the brain structures examined."
HTR1B,serotonin,serotonergic,autoreceptor,presynaptic_terminal,-1,"Gi/o, Cav2 inhibition",rodent,27353308,10.1038/npp.2016.109,"5-HTreceptors are inhibitory GPCRs located on the presynaptic terminal of both serotonin and non-serotonin neurons, where they act to inhibit neurotransmitter release."
HTR1D,serotonin,serotonergic,autoreceptor,presynaptic_terminal,-1,"Gi/o, Cav2 inhibition",rodent,11821026,10.1016/s0014-2999(01)01607-7,"In preloaded brain slices, the 5-HT1D/B receptor agonist sumatriptan equally inhibited the electrically evoked release of [3H]5-HT in mesencephalic slices (containing the dorsal and median raphe) from wildtype and 5-HT1A-/- mice."
ADRA1A,noradrenaline,serotonergic,heteroreceptor,somatodendritic,1,Gq (alpha1; subtype not resolved in cited study),rodent,25547714,10.1038/npp.2014.332,"Extracellular electrophysiological recordings of 5-HT neurons revealed that, while alpha1-adrenoceptor-mediated excitation was unchanged, excitatory responses to AMPA were enhanced and the 5-HT1A autoreceptor-mediated inhibitory response to 5-HT was attenuated in Gria1(5-HT-/-) mice."
ADRA2A,noradrenaline,serotonergic,heteroreceptor,presynaptic_terminal,-1,"Gi/o, Cav2 inhibition",human,8930006,10.1097/00004850-199512004-00004,Mirtazapine is a new antidepressant with a unique mode of action: it preferentially blocks the noradrenergic alpha2-auto- and heteroreceptors held responsible for controlling noradrenaline and serotonin release.
GABBR1,GABA,serotonergic,heteroreceptor,somatodendritic,-1,"Gi/o, GIRK activation",rodent,11071365,10.1023/a:1007672008297,The GABA(A) receptor agonist muscimol (3 to 30 microM) and the GABA(B) receptor agonist baclofen (30 and 100 microM) inhibited [3H]serotonin and [3H]GABA release.
GABBR2,GABA,serotonergic,heteroreceptor,somatodendritic,-1,"Gi/o, GIRK activation",rodent,11071365,10.1023/a:1007672008297,The GABA(A) receptor agonist muscimol (3 to 30 microM) and the GABA(B) receptor agonist baclofen (30 and 100 microM) inhibited [3H]serotonin and [3H]GABA release.
GABRA1,GABA,serotonergic,heteroreceptor,somatodendritic,-1,"ionotropic chloride (GABA-A; principal alpha subunit, composition not resolved in cited study)",rodent,11071365,10.1023/a:1007672008297,The GABA(A) receptor agonist muscimol (3 to 30 microM) and the GABA(B) receptor agonist baclofen (30 and 100 microM) inhibited [3H]serotonin and [3H]GABA release.
GABRB2,GABA,serotonergic,heteroreceptor,somatodendritic,-1,"ionotropic chloride (GABA-A; principal beta subunit, composition not resolved in cited study)",rodent,11071365,10.1023/a:1007672008297,The GABA(A) receptor agonist muscimol (3 to 30 microM) and the GABA(B) receptor agonist baclofen (30 and 100 microM) inhibited [3H]serotonin and [3H]GABA release.
GABRG2,GABA,serotonergic,heteroreceptor,somatodendritic,-1,"ionotropic chloride (GABA-A; principal gamma subunit, composition not resolved in cited study)",rodent,11071365,10.1023/a:1007672008297,The GABA(A) receptor agonist muscimol (3 to 30 microM) and the GABA(B) receptor agonist baclofen (30 and 100 microM) inhibited [3H]serotonin and [3H]GABA release.
HRH3,histamine,serotonergic,heteroreceptor,presynaptic_terminal,-1,"Gi/o, Cav2 inhibition",both,35447544,10.1016/j.biopha.2022.112947,"H3 receptors are predominantly resident in the presynaptic region of neurons containing histamine, where they modulate the synthesis and release of histamine (autoreceptor) or other neurotransmitters such as dopamine, norepinephrine, gamma-aminobutyric acid (GABA), glutamate, acetylcholine and serotonin (all heteroreceptors)."
ADORA1,adenosine,serotonergic,heteroreceptor,presynaptic_terminal,-1,"Gi/o, Cav2 inhibition",rodent,21401497,10.2174/156802611795347564,"Activation of presynaptic A(1) receptors inhibits the release of the majority of transmitters including glutamate, acetylcholine, noradrenaline, 5-HT and dopamine, whilst the stimulation of A(2A) receptors facilitates the release of glutamate and acetylcholine and inhibits the release of GABA."
CNR1,2-arachidonoylglycerol,serotonergic,heteroreceptor,presynaptic_terminal,-1,"Gi/o, Cav2 inhibition",rodent,16596780,10.1007/3-540-26573-2_11,"Inhibition of glutamatergic, GABAergic, glycinergic, cholinergic, noradrenergic and serotonergic neurotransmission has been observed in many regions of the central nervous system."
GRIA1,glutamate,serotonergic,heteroreceptor,somatodendritic,1,ionotropic cation (AMPA),rodent,25547714,10.1038/npp.2014.332,Descending cortical glutamatergic neurons regulate 5-HT neuronal activity in the midbrain raphe nuclei through alpha-amino-3-hydroxy-5-methyl-4-isoxazolepropionic acid (AMPA) and N-methyl-D-aspartate (NMDA) receptors.
GRIN1,glutamate,serotonergic,heteroreceptor,somatodendritic,1,ionotropic cation (NMDA; GRIN1 obligatory subunit),rodent,25547714,10.1038/npp.2014.332,Descending cortical glutamatergic neurons regulate 5-HT neuronal activity in the midbrain raphe nuclei through alpha-amino-3-hydroxy-5-methyl-4-isoxazolepropionic acid (AMPA) and N-methyl-D-aspartate (NMDA) receptors.
ADRA2A,noradrenaline,noradrenergic,autoreceptor,presynaptic_terminal,-1,"Gi/o, Cav2 inhibition",human,8930006,10.1097/00004850-199512004-00004,Mirtazapine is a new antidepressant with a unique mode of action: it preferentially blocks the noradrenergic alpha2-auto- and heteroreceptors held responsible for controlling noradrenaline and serotonin release.
ADRA2A,noradrenaline,noradrenergic,autoreceptor,somatodendritic,-1,"Gi/o, GIRK activation",rodent,16690723,10.1124/jpet.106.104166,No significant differences in dose response curves for 5-HT(1A) somatodendritic and alpha 2-adrenergic autoreceptors were noticed between long-term VNS and controls.
ADRB2,adrenaline,noradrenergic,heteroreceptor,presynaptic_terminal,1,"Gs, cAMP/PKA",human,27902931,10.1016/j.pharmthera.2016.11.005,Part of the stimulating effect of adrenaline on the sympathetic nervous system during stress is related to its facilitatory effect on noradrenaline release via beta-adrenoceptors.
DRD2,dopamine,noradrenergic,heteroreceptor,presynaptic_terminal,-1,"Gi/o, Cav2 inhibition",both,18064418,10.1007/978-3-540-74805-2_10,Peripheral dopamine heteroreceptors on postganglionic sympathetic terminals influence heart rate and vascular resistance through modulation of noradrenaline release.
HRH3,histamine,noradrenergic,heteroreceptor,presynaptic_terminal,-1,"Gi/o, Cav2 inhibition",both,17327487,10.1124/jpet.107.120311,"Microdialysis studies demonstrated that GSK189254 (0.3-3 mg/kg p.o.) increased the release of acetylcholine, noradrenaline, and dopamine in the anterior cingulate cortex and acetylcholine in the dorsal hippocampus."
GABBR1,GABA,noradrenergic,heteroreceptor,somatodendritic,-1,"Gi/o, GIRK activation",rodent,21430282,10.1152/jn.00459.2010,"In support of this argument, we presently report GABA(B) receptor (GABA(B)R)-mediated tonic inhibition of NAergic A7 neurons."
GABBR2,GABA,noradrenergic,heteroreceptor,somatodendritic,-1,"Gi/o, GIRK activation",rodent,21430282,10.1152/jn.00459.2010,"In support of this argument, we presently report GABA(B) receptor (GABA(B)R)-mediated tonic inhibition of NAergic A7 neurons."
CHRNA3,acetylcholine,noradrenergic,heteroreceptor,presynaptic_terminal,1,ionotropic cation,human,15168907,10.1016/j.brainresbull.2003.11.002,(1) alpha3beta2 and/or alpha6 containing nAChRs are at least partially responsible for presynaptic cholinergic facilitation of noradrenergic transmission in human neocortex; (2) nicotinic autoreceptors were not detectable in rat and human neocortex.
CHRNB2,acetylcholine,noradrenergic,heteroreceptor,presynaptic_terminal,1,ionotropic cation,human,15168907,10.1016/j.brainresbull.2003.11.002,(1) alpha3beta2 and/or alpha6 containing nAChRs are at least partially responsible for presynaptic cholinergic facilitation of noradrenergic transmission in human neocortex; (2) nicotinic autoreceptors were not detectable in rat and human neocortex.
CHRNA6,acetylcholine,noradrenergic,heteroreceptor,presynaptic_terminal,1,ionotropic cation,human,15168907,10.1016/j.brainresbull.2003.11.002,(1) alpha3beta2 and/or alpha6 containing nAChRs are at least partially responsible for presynaptic cholinergic facilitation of noradrenergic transmission in human neocortex; (2) nicotinic autoreceptors were not detectable in rat and human neocortex.
ADORA1,adenosine,noradrenergic,heteroreceptor,presynaptic_terminal,-1,"Gi/o, Cav2 inhibition",rodent,21401497,10.2174/156802611795347564,"Activation of presynaptic A(1) receptors inhibits the release of the majority of transmitters including glutamate, acetylcholine, noradrenaline, 5-HT and dopamine, whilst the stimulation of A(2A) receptors facilitates the release of glutamate and acetylcholine and inhibits the release of GABA."
CNR1,2-arachidonoylglycerol,noradrenergic,heteroreceptor,presynaptic_terminal,-1,"Gi/o, Cav2 inhibition",rodent,16596780,10.1007/3-540-26573-2_11,"Inhibition of glutamatergic, GABAergic, glycinergic, cholinergic, noradrenergic and serotonergic neurotransmission has been observed in many regions of the central nervous system."
CHRM2,acetylcholine,cholinergic,autoreceptor,presynaptic_terminal,-1,"Gi/o, Cav2 inhibition",rodent,17101232,10.1016/j.neuroscience.2006.10.001,Presynaptic terminal autoinhibitory muscarinic acetylcholine (ACh) receptors are predominantly of the M2/M4 subtypes and antagonists at these receptors may facilitate cognitive processes by increasing ACh release.
CHRM4,acetylcholine,cholinergic,autoreceptor,presynaptic_terminal,-1,"Gi/o, Cav2 inhibition",rodent,17101232,10.1016/j.neuroscience.2006.10.001,Presynaptic terminal autoinhibitory muscarinic acetylcholine (ACh) receptors are predominantly of the M2/M4 subtypes and antagonists at these receptors may facilitate cognitive processes by increasing ACh release.
DRD2,dopamine,cholinergic,heteroreceptor,somatodendritic,-1,"Gi/o, GIRK activation",rodent,29030431,10.1523/JNEUROSCI.0596-17.2017,experiments with mice with targeted deletion of D2 receptors to DANs or CINs revealed that D2 receptors in CINs mediate a fast inhibition observed within 100 ms of the first pulse
HRH3,histamine,cholinergic,heteroreceptor,presynaptic_terminal,-1,"Gi/o, Cav2 inhibition",both,17327487,10.1124/jpet.107.120311,"Microdialysis studies demonstrated that GSK189254 (0.3-3 mg/kg p.o.) increased the release of acetylcholine, noradrenaline, and dopamine in the anterior cingulate cortex and acetylcholine in the dorsal hippocampus."
HRH3,histamine,cholinergic,heteroreceptor,somatodendritic,-1,"Gi/o, GIRK activation (reduces cholinergic interneuron firing)",rodent,29374538,10.1016/j.neuroscience.2018.01.027,"Activation of Hreceptors by alpha-methylhistamine reduced spontaneous firing of cholinergic interneurons in the ventral, but not in the dorsal striatum."
ADORA1,adenosine,cholinergic,heteroreceptor,presynaptic_terminal,-1,"Gi/o, Cav2 inhibition",rodent,21401497,10.2174/156802611795347564,"Activation of presynaptic A(1) receptors inhibits the release of the majority of transmitters including glutamate, acetylcholine, noradrenaline, 5-HT and dopamine, whilst the stimulation of A(2A) receptors facilitates the release of glutamate and acetylcholine and inhibits the release of GABA."
ADORA2A,adenosine,cholinergic,heteroreceptor,presynaptic_terminal,1,"Gs, cAMP/PKA",rodent,21401497,10.2174/156802611795347564,"Activation of presynaptic A(1) receptors inhibits the release of the majority of transmitters including glutamate, acetylcholine, noradrenaline, 5-HT and dopamine, whilst the stimulation of A(2A) receptors facilitates the release of glutamate and acetylcholine and inhibits the release of GABA."
CNR1,2-arachidonoylglycerol,cholinergic,heteroreceptor,presynaptic_terminal,-1,"Gi/o, Cav2 inhibition",rodent,16596780,10.1007/3-540-26573-2_11,"Inhibition of glutamatergic, GABAergic, glycinergic, cholinergic, noradrenergic and serotonergic neurotransmission has been observed in many regions of the central nervous system."
HRH3,histamine,histaminergic,autoreceptor,presynaptic_terminal,-1,"Gi/o, Cav2 inhibition",rodent,11835518,10.1002/syn.10043,The effect of handling on histamine release was potentiated during infusion of thioperamide and fully suppressed during infusion of alpha-methylhistamine. These results clearly illustrate the efficacy of the H3 autoreceptor in modulating stimulated histamine release during natural stimulatory conditions.
ADORA1,adenosine,histaminergic,heteroreceptor,somatodendritic,-1,"Gi/o, GIRK activation",rodent,19066225,10.1073/pnas.0810926105,"In this study, immunohistochemistry revealed that A(1)R was expressed in histaminergic neurons of the rat tuberomammillary nucleus (TMN). In vivo microdialysis showed that the histamine release in the frontal cortex was decreased by microinjection into the TMN of N(6)-cyclopentyladenosine (CPA), an A(1)R agonist, adenosine or coformycin, an inhibitor of adenosine deaminase, which catabolizes adenosine to inosine."
GABRA1,GABA,histaminergic,heteroreceptor,somatodendritic,-1,"ionotropic chloride (GABA-A; principal alpha subunit, composition not resolved in cited study)",rodent,27498778,10.1038/aps.2016.66,"Furthermore, superfusion of ethanol markedly increased the frequency and amplitude of spontaneous and miniature inhibitory postsynaptic currents (sIPSCs and mIPSCs), which were abolished in the presence of the GABAreceptor antagonist bicuculline (20 micromol/L)."
GABRB2,GABA,histaminergic,heteroreceptor,somatodendritic,-1,"ionotropic chloride (GABA-A; principal beta subunit, composition not resolved in cited study)",rodent,27498778,10.1038/aps.2016.66,"Furthermore, superfusion of ethanol markedly increased the frequency and amplitude of spontaneous and miniature inhibitory postsynaptic currents (sIPSCs and mIPSCs), which were abolished in the presence of the GABAreceptor antagonist bicuculline (20 micromol/L)."
GABRG2,GABA,histaminergic,heteroreceptor,somatodendritic,-1,"ionotropic chloride (GABA-A; principal gamma subunit, composition not resolved in cited study)",rodent,27498778,10.1038/aps.2016.66,"Furthermore, superfusion of ethanol markedly increased the frequency and amplitude of spontaneous and miniature inhibitory postsynaptic currents (sIPSCs and mIPSCs), which were abolished in the presence of the GABAreceptor antagonist bicuculline (20 micromol/L)."
GRM2,glutamate,glutamatergic,autoreceptor,presynaptic_terminal,-1,"Gi/o, adenylyl cyclase inhibition",rodent,12213275,10.1016/s0028-3908(02)00084-9,Group II metabotropic glutamate (mGlu) receptors can act as presynaptic autoinhibitory receptors at perforant path inputs to the hippocampus under conditions of high frequency synaptic activation.
GRM3,glutamate,glutamatergic,autoreceptor,presynaptic_terminal,-1,"Gi/o, adenylyl cyclase inhibition",rodent,12213275,10.1016/s0028-3908(02)00084-9,These observations demonstrate that activation of mGlu3 receptors can regulate synaptic transmission at perforant path synapses but suggest that mGlu2 is the major presynaptic group II autoreceptor activated by synaptically released glutamate.
GRIK2,glutamate,glutamatergic,autoreceptor,presynaptic_terminal,1,ionotropic cation (kainate; GluK2),rodent,17620617,10.1073/pnas.0608891104,Our data suggest that presynaptic KARs are GluR6/GluR7 heteromers that coassemble and are localized within synapses.
GRIK3,glutamate,glutamatergic,autoreceptor,presynaptic_terminal,1,ionotropic cation (kainate; GluK3/GluR7),rodent,17620617,10.1073/pnas.0608891104,"Here we identify GluR7, a kainate receptor (KAR) subunit with no known function in the brain, as an essential subunit of presynaptic autoreceptors that facilitate hippocampal mossy fiber synaptic transmission."
GABBR1,GABA,glutamatergic,heteroreceptor,presynaptic_terminal,-1,"Gi/o, Cav2 inhibition",rodent,21248122,10.1523/JNEUROSCI.4960-10.2011,"Activating a subset of these GPCRs (A(1) and GABA(B)) with agonist application induced silencing, however, which supports the hypothesis that G-protein activation is a critical step in silencing."
GABBR2,GABA,glutamatergic,heteroreceptor,presynaptic_terminal,-1,"Gi/o, Cav2 inhibition",rodent,21248122,10.1523/JNEUROSCI.4960-10.2011,"Activating a subset of these GPCRs (A(1) and GABA(B)) with agonist application induced silencing, however, which supports the hypothesis that G-protein activation is a critical step in silencing."
ADORA1,adenosine,glutamatergic,heteroreceptor,presynaptic_terminal,-1,"Gi/o, Cav2 inhibition",rodent,21401497,10.2174/156802611795347564,"Activation of presynaptic A(1) receptors inhibits the release of the majority of transmitters including glutamate, acetylcholine, noradrenaline, 5-HT and dopamine, whilst the stimulation of A(2A) receptors facilitates the release of glutamate and acetylcholine and inhibits the release of GABA."
ADORA2A,adenosine,glutamatergic,heteroreceptor,presynaptic_terminal,1,"Gs, cAMP/PKA",rodent,21401497,10.2174/156802611795347564,"Activation of presynaptic A(1) receptors inhibits the release of the majority of transmitters including glutamate, acetylcholine, noradrenaline, 5-HT and dopamine, whilst the stimulation of A(2A) receptors facilitates the release of glutamate and acetylcholine and inhibits the release of GABA."
CNR1,2-arachidonoylglycerol,glutamatergic,heteroreceptor,presynaptic_terminal,-1,"Gi/o, Cav2 inhibition",rodent,16596780,10.1007/3-540-26573-2_11,"Inhibition of glutamatergic, GABAergic, glycinergic, cholinergic, noradrenergic and serotonergic neurotransmission has been observed in many regions of the central nervous system."
CHRNA7,acetylcholine,glutamatergic,heteroreceptor,presynaptic_terminal,1,"ionotropic cation (alpha7, Ca2+-permeable)",rodent,36213206,10.3389/fncir.2022.978837,These findings suggest that presynaptic alpha7* nAChRs contribute to cholinergic modulation of glutamate release and synaptic vesicle organization.
DRD2,dopamine,glutamatergic,heteroreceptor,presynaptic_terminal,-1,"Gi/o, reduced vesicular exocytosis",rodent,22586226,10.1113/jphysiol.2012.235200,"At low cortical frequencies, dopamine D1 receptors promote glutamate release to both D1 and D2 receptor-expressing medium spiny neurons while D2 receptors specifically inhibit excitatory inputs to D2 receptor-expressing cells by decreasing exocytosis from cortical terminals with a low probability of release."
HTR1B,serotonin,glutamatergic,heteroreceptor,presynaptic_terminal,-1,"Gi/o, Kv (Shaker-type K+) activation and adenylyl cyclase inhibition",rodent,24508708,10.1016/j.neuropharm.2014.01.046,The present study provides the first evidence that glutamatergic transmission of LHb synapses is inhibited by activation of the 5HT(1B) receptor at the pre-synapse in both acute depression (5HT-AD) and long-term depression (5HT-LTD).
HRH3,histamine,glutamatergic,heteroreceptor,presynaptic_terminal,-1,"Gi/o, Cav2 inhibition",rodent,21195747,10.1016/j.neuroscience.2010.12.051,"Perfusion of globus pallidus slices with the selective H(3)R agonist immepip had no effect on the release of [(3)H]-GABA ([(3)H]-gamma-aminobutyric acid) or [(3)H]-dopamine evoked by depolarization with high (20 mM) K(+), but significantly reduced [(3)H]-d-aspartate release (-44.8 +/- 2.6% and -63.7 +/- 6.2% at 30 and 100 nM, respectively)."
GABRA1,GABA,glutamatergic,heteroreceptor,presynaptic_terminal,-1,"ionotropic chloride (presynaptic GABA-A; principal alpha subunit, composition not resolved in cited study)",rodent,26463733,10.1186/s12990-015-0067-5,Exogenous activation of presynaptic GABAARs by muscimol depressed evoked glutamate release at all synapses and increased paired pulse ratio (PPR).
GABRB2,GABA,glutamatergic,heteroreceptor,presynaptic_terminal,-1,"ionotropic chloride (presynaptic GABA-A; principal beta subunit, composition not resolved in cited study)",rodent,26463733,10.1186/s12990-015-0067-5,Exogenous activation of presynaptic GABAARs by muscimol depressed evoked glutamate release at all synapses and increased paired pulse ratio (PPR).
GABRG2,GABA,glutamatergic,heteroreceptor,presynaptic_terminal,-1,"ionotropic chloride (presynaptic GABA-A; principal gamma subunit, composition not resolved in cited study)",rodent,26463733,10.1186/s12990-015-0067-5,Exogenous activation of presynaptic GABAARs by muscimol depressed evoked glutamate release at all synapses and increased paired pulse ratio (PPR).
GLRA1,glycine,glutamatergic,heteroreceptor,presynaptic_terminal,1,"ionotropic chloride, depolarizing in terminals (alpha-homomeric GlyR; subunit not resolved in cited study)",rodent,25339867,10.3389/fncir.2014.00120,"In axonal terminals of the central neurons, GlyRs trigger a slow facilitation of presynaptic transmitter release; however, their spatial relationship to the release sites is not known."
GABBR1,GABA,GABAergic,autoreceptor,presynaptic_terminal,-1,"Gi/o, Cav2 inhibition",rodent,24953818,10.1016/j.bcp.2014.06.010,Activation of presynaptic GABAB receptors with (R)-baclofen decreased both [(3)H]-GABA and [(3)H]-DA release evoked by potassium depolarization.
GABBR2,GABA,GABAergic,autoreceptor,presynaptic_terminal,-1,"Gi/o, Cav2 inhibition",rodent,24953818,10.1016/j.bcp.2014.06.010,Activation of presynaptic GABAB receptors with (R)-baclofen decreased both [(3)H]-GABA and [(3)H]-DA release evoked by potassium depolarization.
GABRA1,GABA,GABAergic,autoreceptor,somatodendritic,-1,"ionotropic chloride (GABA-A; principal alpha subunit, composition not resolved in cited study)",rodent,11071365,10.1023/a:1007672008297,The GABA(A) receptor agonist muscimol (3 to 30 microM) and the GABA(B) receptor agonist baclofen (30 and 100 microM) inhibited [3H]serotonin and [3H]GABA release.
GABRB2,GABA,GABAergic,autoreceptor,somatodendritic,-1,"ionotropic chloride (GABA-A; principal beta subunit, composition not resolved in cited study)",rodent,11071365,10.1023/a:1007672008297,The GABA(A) receptor agonist muscimol (3 to 30 microM) and the GABA(B) receptor agonist baclofen (30 and 100 microM) inhibited [3H]serotonin and [3H]GABA release.
GABRG2,GABA,GABAergic,autoreceptor,somatodendritic,-1,"ionotropic chloride (GABA-A; principal gamma subunit, composition not resolved in cited study)",rodent,11071365,10.1023/a:1007672008297,The GABA(A) receptor agonist muscimol (3 to 30 microM) and the GABA(B) receptor agonist baclofen (30 and 100 microM) inhibited [3H]serotonin and [3H]GABA release.
CNR1,2-arachidonoylglycerol,GABAergic,heteroreceptor,presynaptic_terminal,-1,"Gi/o, Cav2 inhibition",rodent,16596780,10.1007/3-540-26573-2_11,"Inhibition of glutamatergic, GABAergic, glycinergic, cholinergic, noradrenergic and serotonergic neurotransmission has been observed in many regions of the central nervous system."
ADORA1,adenosine,GABAergic,heteroreceptor,presynaptic_terminal,-1,"Gi/o, K+ channel activation and cAMP decrease",rodent,15201307,10.1152/jn.00291.2004,We conclude that adenosine suppresses inhibitory transmission in SG neurons by activating presynaptic A1 receptors and that this action is mediated by K+ channels and cyclic AMP but not by Ca2+ channels and PKC.
ADORA2A,adenosine,GABAergic,heteroreceptor,presynaptic_terminal,-1,Gs-coupled but net inhibition of GABA release,rodent,21401497,10.2174/156802611795347564,"Activation of presynaptic A(1) receptors inhibits the release of the majority of transmitters including glutamate, acetylcholine, noradrenaline, 5-HT and dopamine, whilst the stimulation of A(2A) receptors facilitates the release of glutamate and acetylcholine and inhibits the release of GABA."
HTR1B,serotonin,GABAergic,heteroreceptor,presynaptic_terminal,-1,"Gi/o, Cav2 inhibition",rodent,11723184,10.1046/j.1471-4159.2001.00643.x,The results support the hypothesis that 5-HT(1B) receptors within the VTA can function as heteroreceptors to inhibit GABA release.
HTR1A,serotonin,GABAergic,heteroreceptor,somatodendritic,-1,"Gi/o, GIRK activation",rodent,11071365,10.1023/a:1007672008297,The 5-HT1A receptor agonist 8-OH-DPAT (0.01 to 1 microM) and the 5-HT1B receptor agonist CGS-12066A (0.01 to 1 microM) inhibited the electrically stimulated [3H]serotonin and [3H]GABA release.
GRM7,glutamate,GABAergic,heteroreceptor,presynaptic_terminal,-1,"Gi/o, adenylyl cyclase inhibition",rodent,22564442,10.1016/j.neuropharm.2012.04.020,"We propose that presynaptic inhibitory mGlu7 heteroreceptors, negatively coupled to AC-dependent intraterminal pathway, exist in mouse hippocampal GABA-containing terminals, where they colocalize, but do not functionally cross-talk, with GABA(B) autoreceptors."
ADRA1A,noradrenaline,GABAergic,heteroreceptor,presynaptic_terminal,1,Gq (alpha1; subtype not resolved in cited study),rodent,10691235,10.1097/00000542-200002000-00030,"These results suggest that norepinephrine enhances inhibitory synaptic transmission in the substantia gelatinosa through activation of presynaptic alpha1 receptors, thus providing a mechanism underlying the clinical use of alpha1 agonists with local anesthetics in spinal anesthesia."
CHRNA4,acetylcholine,GABAergic,heteroreceptor,presynaptic_terminal,1,ionotropic cation,rodent,24953818,10.1016/j.bcp.2014.06.010,"These results suggest that alpha4beta2*-nAChRs present on GABAergic nerve terminals in the striatum are subject to functional regulation by GABAB autoreceptors that is apparently cell-type specific, since it is absent from DAergic striatal nerve terminals."
CHRNB2,acetylcholine,GABAergic,heteroreceptor,presynaptic_terminal,1,ionotropic cation,rodent,24953818,10.1016/j.bcp.2014.06.010,"These results suggest that alpha4beta2*-nAChRs present on GABAergic nerve terminals in the striatum are subject to functional regulation by GABAB autoreceptors that is apparently cell-type specific, since it is absent from DAergic striatal nerve terminals."
HRH3,histamine,GABAergic,heteroreceptor,presynaptic_terminal,-1,"Gi/o, Cav2 inhibition",both,35447544,10.1016/j.biopha.2022.112947,"H3 receptors are predominantly resident in the presynaptic region of neurons containing histamine, where they modulate the synthesis and release of histamine (autoreceptor) or other neurotransmitters such as dopamine, norepinephrine, gamma-aminobutyric acid (GABA), glutamate, acetylcholine and serotonin (all heteroreceptors)."
GABBR1,GABA,glycinergic,heteroreceptor,presynaptic_terminal,-1,"Gi/o, Cav2 inhibition",rodent,16410279,10.1113/jphysiol.2005.102905,Concurrent stimulation of mAChRs on adjacent GABAergic interneurones attenuates synaptic glycine release through presynaptic GABA(B) receptors on glycinergic interneurones.
GABBR2,GABA,glycinergic,heteroreceptor,presynaptic_terminal,-1,"Gi/o, Cav2 inhibition",rodent,16410279,10.1113/jphysiol.2005.102905,Concurrent stimulation of mAChRs on adjacent GABAergic interneurones attenuates synaptic glycine release through presynaptic GABA(B) receptors on glycinergic interneurones.
CHRM3,acetylcholine,glycinergic,heteroreceptor,somatodendritic,1,Gq,rodent,16410279,10.1113/jphysiol.2005.102905,"Collectively, these data suggest that the M3 subtype is present on the somatodendritic site of glycinergic neurones and is mainly responsible for muscarinic potentiation of glycinergic input to spinal dorsal horn neurones."
ADORA1,adenosine,glycinergic,heteroreceptor,presynaptic_terminal,-1,"Gi/o, K+ channel activation and cAMP decrease",rodent,15201307,10.1152/jn.00291.2004,We conclude that adenosine suppresses inhibitory transmission in SG neurons by activating presynaptic A1 receptors and that this action is mediated by K+ channels and cyclic AMP but not by Ca2+ channels and PKC.
CNR1,2-arachidonoylglycerol,glycinergic,heteroreceptor,presynaptic_terminal,-1,"Gi/o, Cav2 inhibition",rodent,11483710,10.1111/j.1469-7793.2001.00805.x,"These results suggest that, within the superficial medullary dorsal horn, cannabinoids presynaptically inhibit GABAergic and glycinergic neurotransmission."
ADRA1A,noradrenaline,glycinergic,heteroreceptor,presynaptic_terminal,1,Gq (alpha1; subtype not resolved in cited study),rodent,10691235,10.1097/00000542-200002000-00030,"These results suggest that norepinephrine enhances inhibitory synaptic transmission in the substantia gelatinosa through activation of presynaptic alpha1 receptors, thus providing a mechanism underlying the clinical use of alpha1 agonists with local anesthetics in spinal anesthesia."
