source_gene,species_produced,compartment,pmid,doi,supporting_quote
NDUFV1,superoxide,"mitochondrial inner membrane, matrix face (complex I FMN/flavin site; NDUFV1 is the FMN-binding core subunit)",21393237,10.1074/jbc.M110.186841,"Therefore, both NADH- and RET-induced superoxide are produced by the flavin, according to the same molecular mechanism."
UQCRFS1,superoxide,"mitochondrial inner membrane, intermembrane-space face (complex III Qo site; UQCRFS1 is the Rieske Fe-S subunit forming the Qo site with cytochrome b)",20688078,10.1016/j.yjmcc.2010.07.015,We propose that elevated superoxide production after transient exposure to H(2)O(2) occurs at the Q(o) superoxide generation site of complex III in cardiac myocytes
SHC1,hydrogen peroxide,mitochondrial intermembrane space,16051147,10.1016/j.cell.2005.05.011,We report here that p66Shc is a redox enzyme that generates mitochondrial ROS (hydrogen peroxide) as signaling molecules for apoptosis.
PRODH,reactive oxygen species (superoxide/hydrogen peroxide),"mitochondrial inner membrane (proline dehydrogenase/proline oxidase, FAD-linked)",28264926,10.1242/jcs.196469,These results indicate that PRODH plays a causative role in DNA damage-induced senescence through the enzymatic generation of ROS.
NOX1,superoxide,plasma membrane,21343298,10.1074/jbc.M110.192138,"In contrast to the NADPH oxidases Nox1 and Nox2, which generate superoxide (O(2)(·-)), Nox4 produces hydrogen peroxide (H(2)O(2))."
CYBB,superoxide,plasma membrane and phagosome (NOX2/gp91phox catalytic subunit),21343298,10.1074/jbc.M110.192138,"In contrast to the NADPH oxidases Nox1 and Nox2, which generate superoxide (O(2)(·-)), Nox4 produces hydrogen peroxide (H(2)O(2))."
NOX4,hydrogen peroxide,intracellular membranes and plasma membrane (E-loop favours dismutation to H2O2),21343298,10.1074/jbc.M110.192138,"Thus, H(2)O(2) formation is an intrinsic property of Nox4 that involves its E-loop."
NOX5,superoxide,plasma membrane and intracellular membranes (Ca2+/EF-hand and PKC regulated),17587483,10.1016/j.biochi.2007.05.004,NOX5 is expressed at the plasma membrane and generates superoxide in response to protein kinase C activation.
DUOX1,hydrogen peroxide,apical plasma membrane (epithelial),15677770,10.1165/rcmb.2004-0302OC,These data suggest that Duox is the major NADPH oxidase expressed in airway epithelia and therefore a contributor of H(2)O(2) production in the airway lumen.
DUOX2,hydrogen peroxide,apical plasma membrane (epithelial),15677770,10.1165/rcmb.2004-0302OC,PCR was used to screen nicotinamide adenine dinucleotide phosphate (NADPH) oxidase expression in human airway epithelia redifferentiated at the air-liquid interface (ALI) and demonstrated the presence of Duox1 and 2.
CYBA,superoxide,"plasma membrane (p22phox, obligate NOX1-4 maturation subunit)",10334819,10.1161/01.hyp.33.5.1243,"Expression of XO and NAD(P)H oxidase (p22phox, p67phox, and gp91phox) were increased by LPS in a time-dependent manner, as were protein tyrosine nitration and ONOO- formation."
NCF2,superoxide,"cytosolic NOX2 activator subunit (p67phox), translocates to membrane on activation",10334819,10.1161/01.hyp.33.5.1243,"Expression of XO and NAD(P)H oxidase (p22phox, p67phox, and gp91phox) were increased by LPS in a time-dependent manner, as were protein tyrosine nitration and ONOO- formation."
XDH,superoxide and hydrogen peroxide,cytosol and extracellular/endothelial surface (xanthine oxidase form),10334819,10.1161/01.hyp.33.5.1243,"H2O2 formation, which was partially sensitive to the NAD(P)H oxidase inhibitor diphenylene iodonium at both time points studied and to the XO inhibitor oxypurinol only 30 hours after LPS treatment"
MAOA,hydrogen peroxide (reactive oxygen species from monoamine deamination),mitochondrial outer membrane,17158340,10.1161/01.RES.0000253900.66640.34,"In H9c2 cardiomyoblasts, MAO-A-dependent reactive oxygen species generation led to mitochondria-mediated apoptosis, along with sphingosine kinase-1 (SphK1) inhibition."
MAOB,hydrogen peroxide,mitochondrial outer membrane,15308297,10.1016/j.neulet.2004.05.075,These findings support the hypothesis that the deamination of DA by MAO-B within the serotonergic cell can lead to hydrogen peroxide formation and ultimately cell death.
DAO,hydrogen peroxide,peroxisome (native); H2O2 delivered to other compartments when retargeted,17508907,10.1089/ars.2007.1526,"Here, we targeted a hydrogen peroxide (H(2)O(2))-producing enzyme, D-amino acid oxidase (DAAO), to the nucleus (NLS-DAAO) and used this to generate H(2)O(2) in the nuclei of cells."
MPO,hypochlorous acid (from H2O2 and chloride),neutrophil azurophilic granules / phagosome and extracellular space,9355763,10.1042/bj3270275,"Neutrophils, when stimulated, generate reactive oxygen species including myeloperoxidase-derived HOCl."
ALOX15,lipid hydroperoxides,cytosol and membranes (acts on esterified and free polyunsaturated fatty acids),14607519,10.1016/s0891-5849(03)00508-2,The potential antioxidant effects of the hydrophobic therapeutic agent lipoic acid (LA) and of its reduced form dihydrolipoic acid (DHLA) on the peroxidation of either linoleic acid or human non-HDL fraction catalyzed by soybean 15-lipoxygenase (SLO) and rabbit reticulocyte 15-lipoxygenase (RR15-LOX) were investigated.
NOS3,superoxide (when BH4-deficient/uncoupled),endothelial cytosol and caveolae,12692136,10.1074/jbc.M302227200,"A deficiency of BH4 results in eNOS uncoupling, which is associated with increased superoxide and decreased NO* production."
NOS2,superoxide and peroxynitrite (when L-arginine depleted),macrophage cytosol,9192673,10.1073/pnas.94.13.6954,In L-Arg-depleted macrophages iNOS generates both O-2 and NO that interact to form the potent oxidant peroxynitrite (ONOO-)
CYP2E1,superoxide and hydrogen peroxide,endoplasmic reticulum (microsomes); also mitochondria,9016819,10.1006/abbi.1996.9765,"CYP2E1 is also very effective in generating reactive oxygen intermediates such as superoxide radical and H2O2, oxidizing ethanol to the 1-hydroxyethyl radical, and has a high NADPH oxidase activity."
ERO1A,hydrogen peroxide,endoplasmic reticulum lumen (oxidative protein folding),16407158,10.1073/pnas.0506448103,"Under aerobic conditions, reduction of molecular oxygen by Ero1p yielded stoichiometric hydrogen peroxide."
SOD1,hydrogen peroxide (from superoxide dismutation),"cytosol, nucleus and mitochondrial intermembrane space",8824885,10.1093/hmg/5.2.283,Our data demonstrate that Sod1 transfected cell lines that have an elevation in the ratio of Sod1 activity to Gpx1 activity produce higher levels of H2O2
