species,target_gene,effect_sign,mechanism,species_evidence,pmid,doi,supporting_quote
hydrogen peroxide,KEAP1,-1,cysteine oxidation (C151/C273/C288) blocks KEAP1-dependent ubiquitination of NFE2L2,in vitro (mouse/COS/NIH3T3 cells),14585973,10.1128/MCB.23.22.8137-8151.2003,"Both sulforaphane, a chemopreventive isothiocyanate, and oxidative stress enable Nrf2 to escape Keap1-dependent degradation, leading to stabilization of Nrf2"
hydrogen peroxide,NFE2L2,1,release from KEAP1 after KEAP1 sensor-cysteine oxidation; escape from proteasomal degradation,in vitro (mouse/COS/NIH3T3 cells),14585973,10.1128/MCB.23.22.8137-8151.2003,"oxidative stress enable Nrf2 to escape Keap1-dependent degradation, leading to stabilization of Nrf2, increased nuclear localization of Nrf2, and activation of Nrf2-dependent cancer-protective genes"
4-hydroxynonenal,NFE2L2,1,Michael adduction of KEAP1/NFE2L2 thiols by the electrophilic aldehyde; nuclear accumulation of NFE2L2,"rodent (murine macrophages, aortic smooth muscle cells)",14752028,10.1161/01.RES.0000119171.44657.45,"4-Hydroxy-2-nonenal (HNE), derived from lipid peroxidation, was one of the most effective activators of Nrf2."
hydrogen peroxide,PTPN1,-1,catalytic cysteine oxidation to sulfenic acid (reversible),human (A431 cells) and in vitro,9624118,10.1074/jbc.273.25.15366,"H2O2 inactivated recombinant PTP1B in vitro by oxidizing its catalytic site cysteine, most likely to sulfenic acid."
hydrogen peroxide,PTPN1,-1,receptor-stimulated H2O2 burst reversibly oxidises the catalytic cysteine,"rodent and human cell lines (hepatoma, 3T3-L1 adipocytes)",11297536,10.1074/jbc.C100109200,"The specific activity of immunoprecipitated PTP1B, a PTPase homolog implicated in the regulation of insulin signaling, was also strongly inhibited by up to 88% following insulin stimulation."
hydrogen peroxide,PTPN11,-1,"active-site cysteine oxidation (reversible), transient inactivation",human (Jurkat T cells),15933714,10.1038/sj.emboj.7600706,"activation of the antigen receptor of T cells (TCR), which induces production of ROS, induces transient inactivation of the SH2 domain-containing PTP, SHP-2, but not the homologous SHP-1"
hydrogen peroxide,PTEN,-1,intramolecular Cys124-Cys71 disulfide bond formation in the active site,human cells and in vitro (purified PTEN),11916965,10.1074/jbc.M111899200,the essential Cys(124) residue in the active site of PTEN specifically forms a disulfide with Cys(71) during oxidation by H(2)O(2)
hydrogen peroxide,MAP3K5,1,oxidation of thioredoxin releases ASK1 from Trx-mediated inhibition,"rodent and human cell lines (L cells, mouse brain)",9564042,10.1093/emboj/17.9.2596,"Moreover, inhibition of Trx resulted in activation of endogenous ASK1 activity, suggesting that Trx is a physiological inhibitor of ASK1."
hydrogen peroxide,TXN,-1,dithiol (Cys32/Cys35) oxidation abolishes binding to the ASK1 N-terminus,rodent and human cell lines,9564042,10.1093/emboj/17.9.2596,The interaction between Trx and ASK1 was found to be highly dependent on the redox status of Trx.
superoxide,ACO2,-1,Fe-S cluster damage: oxidation of [4Fe-4S] with release of the solvent-exposed iron,rodent/mammalian cells and bacteria (review of primary data),9171919,10.1023/a:1027383100936,"O2- produced by the autoxidation of respiratory chain electron carriers, and other cellular reductants, inactivates bacterial and mammalian iron-sulfur-containing (de)hydratases including the citric acid cycle enzyme aconitase."
hydrogen peroxide,ACO2,-1,Fe-S cluster damage by non-superoxide oxidants,rodent/mammalian cells (review of primary data),9171919,10.1023/a:1027383100936,"Aconitases are also inactivated by other oxidants including O2, H2O2, NO, and ONOO- which are associated with inflammation, hyperoxia and other pathophysiological conditions."
peroxynitrite,ACO2,-1,Fe-S cluster damage / oxidative attack on the [4Fe-4S] centre,rodent/mammalian cells (review of primary data),9171919,10.1023/a:1027383100936,"Aconitases are also inactivated by other oxidants including O2, H2O2, NO, and ONOO- which are associated with inflammation, hyperoxia and other pathophysiological conditions."
nitric oxide,ACO2,-1,S-nitrosation of the [4Fe-4S] centre at the solvent-exposed iron; irreversible loss of hydratase activity,in vitro (porcine mitochondrial aconitase),9312115,10.1074/jbc.272.40.25071,"The porcine mitochondrial aconitase was sensitive to NO. when exposed at pH 6.5, but not at pH 7.5, and irreversible inactivation occurred during catalysis."
peroxynitrite,ACO1,1,"Fe-S cluster disassembly converts cytosolic aconitase into the IRE-RNA-binding form IRP1 (aconitase activity falls, RNA-binding activity rises)",rodent (J774A.1 macrophages) and in vitro (recombinant protein),12044177,10.1021/bi025756k,"These results indicate that *NO and ONOO- may activate IRP-1 by attacking the Fe-S cluster of cytoplasmic aconitase, while also inactivating the cluster-deficient IRP-2."
peroxynitrite,IREB2,-1,direct oxidative inactivation of the cluster-deficient IRP2 protein,rodent (J774A.1 macrophages) and in vitro,12044177,10.1021/bi025756k,"Under comparable conditions, however, both *NO and ONOO- inactivated an IRP-2 unable to assemble an Fe-S cluster."
hydrogen peroxide,TRPM2,1,channel gating by H2O2/ROS requiring ADP-ribose/NAD+ binding at the C-terminal NUDT9-H (MutT) domain,human (HEK cells) and rodent,11804595,10.1016/s1097-2765(01)00438-5,"We report here a widely expressed Ca2+-permeable cation channel, LTRPC2, activated by micromolar levels of H2O2 and agents that produce reactive oxygen/nitrogen species."
hydrogen peroxide,TRPM2,1,mitochondrial free ADP-ribose accumulation gates TRPM2 via the NUDT9-H binding cleft,human (cell lines) and in vitro (structure-guided mutagenesis),15561722,10.1074/jbc.M411446200,TRPM2 gating by ADP-ribose and both oxidative and nitrosative stresses requires an intact ADP-ribose binding cleft in the C-terminal nudix domain.
hydrogen peroxide,GRIN1,-1,oxidation of cysteine pairs Cys79/Cys308 and Cys744/Cys798 (intermediate and persistent redox components),in vitro (Xenopus oocytes expressing recombinant NR1/NR2A),11160420,10.1523/JNEUROSCI.21-02-00392.2001,"Cys 79 and Cys 308 in NR1 underlie the intermediate component, and (3) Cys 744 and Cys 798 in NR1 underlie the persistent component."
hydrogen peroxide,GRIN2A,-1,oxidation of the Cys87/Cys320 pair (fast redox component of NMDA-evoked current),in vitro (Xenopus oocytes expressing recombinant NR1/NR2A),11160420,10.1523/JNEUROSCI.21-02-00392.2001,(1) Cys 87 and Cys 320 in NR2A underlie the fast component
nitric oxide,GRIN2A,-1,S-nitrosylation of Cys399 on the NR2A subunit,in vitro (recombinant receptors) and rodent neurons,10607390,10.1038/71090,Site-directed mutagenesis identified a critical cysteine residue (Cys 399) on the NR2A subunit whose S-nitrosylation (NO+ transfer) under physiological conditions underlies this modulation.
hydrogen peroxide,RYR1,1,cysteine oxidation to disulfides (sites distinct from Cys3635); also S-nitrosylation and S-glutathionylation of 9 endogenously modified cysteines,in vitro (rabbit RyR1 expressed in HEK cells),17071618,10.1074/jbc.M600876200,"H(2)O(2) treatment of C3635A-RyR1 channels or wild-type RyR1, following their expression in human embryonic kidney cells, enhances [(3)H]ryanodine binding to the same extent"
reactive oxygen species (unspecified oxidant),RYR2,1,thiol oxidation (loss of free thiols on RyR2) increases luminal Ca2+ sensitivity and SR Ca2+ leak,canine chronic heart failure model; single-channel recordings,19008475,10.1161/CIRCRESAHA.108.184457,"Conversely, oxidizing agents accelerated SR Ca(2+) leak and decreased [Ca(2+)](SR) in cells from normal hearts."
hydrogen peroxide,ATM,1,cysteine oxidation producing a disulfide-cross-linked active dimer (DNA-break and MRN independent),human cells and in vitro,20966255,10.1126/science.1192912,We show that oxidation of ATM directly induces ATM activation in the absence of DNA DSBs and the MRN complex. The oxidized form of ATM is a disulfide-cross-linked dimer
hydrogen peroxide,PRDX1,-1,hyperoxidation of catalytic Cys51 to cysteine-sulfinic acid during catalysis (not reversible by thioredoxin),human (HeLa cells) and in vitro,12161445,10.1074/jbc.M206626200,Mass spectral analysis and studies with Cys mutants determined that this shift in pI was due to selective oxidation of the catalytic site Cys(51)-SH to Cys(51)-SO(2)H.
hydrogen peroxide,PRDX2,-1,hyperoxidation of the catalytic cysteine under sustained oxidative stress,"rodent (NIH3T3, mouse wounds) and human cells",20178744,10.1016/j.cell.2010.01.009,"In contrast, PrxII was inactivated not by phosphorylation but rather by hyperoxidation of its catalytic cysteine during sustained oxidative stress."
hydrogen peroxide,GAPDH,-1,catalytic cysteine oxidation/modification; also creates a PLD2-binding surface,rodent (PC12 cells) and in vitro,12753082,10.1046/j.1471-4159.2003.01755.x,we suggest that H2O2 modifies GAPDH on its catalytic cysteine residue not only to inactivate the dehydrogenase activity of GAPDH but also to endow GAPDH with the ability to bind PLD2
peroxynitrite,TH,-1,tyrosine nitration (3-nitrotyrosine formation) in tyrosine hydroxylase,rodent (mouse striatum in vivo) and in vitro (PC12 cells),9636206,10.1073/pnas.95.13.7659,Nitration of tyrosine residues in TH results in loss of enzymatic activity.
peroxynitrite,SOD2,-1,tyrosine nitration (Tyr34) in the active site,"rodent (angiotensin II-infused rat kidney, in vivo)",12791589,10.1152/ajpheart.00096.2003,Manganese superoxide dismutase (MnSOD) is a key mitochondrial antioxidant enzyme that is inactivated in conditions of oxidant stress by reacting with peroxynitrite to form 3-nitrotyrosine in its active site.
peroxynitrite,GPX1,-1,oxidation of the ionised active-site selenocysteine selenol to a non-reducible selenium species,"in vitro (bovine erythrocyte enzyme, stopped-flow kinetics)",9439576,10.1006/abbi.1997.0407,Glutathione peroxidase (GSH-Px) is inactivated on exposure to peroxynitrite under physiologically relevant conditions.
4-hydroxynonenal,SLC1A2,-1,Michael adduction (HNE conjugation) of the glial glutamate transporter GLT-1,human (Alzheimer's disease inferior parietal lobule) and rodent synaptosomes,11461977,10.1046/j.1471-4159.2001.00451.x,Western blots of immunoprecipitated HNE-immunoreactive proteins from the inferior parietal lobule of AD and control brains suggest that HNE is conjugated to GLT-1 to a greater extent in the AD brain.
hydrogen peroxide,CAMK2D,1,oxidation of paired regulatory-domain methionines (Met281/282) sustains Ca2+/CaM-independent activity; reversed by MSRA,"rodent (mouse/rat cardiomyocytes, in vivo) and in vitro",18455987,10.1016/j.cell.2008.02.048,Here we show that oxidation of paired regulatory domain methionine residues sustains CaMKII activity in the absence of Ca2+/CaM.
hydrogen peroxide,PRKG1,1,interprotein disulfide (Cys42) linking the two PKG-Ialpha subunits; cGMP-independent activation,rodent tissues and human/rat cells,17717153,10.1126/science.1144318,"The Ialpha isoform, PKGIalpha, formed an interprotein disulfide linking its two subunits in cells exposed to exogenous hydrogen peroxide. This oxidation directly activated the kinase in vitro, and in rat cells and tissues."
hydrogen peroxide,PARK7,1,"oxidation of Cys106 to cysteine-sulfinic acid, driving mitochondrial relocalisation and cytoprotection",human cell lines and in vitro (crystallography),15181200,10.1073/pnas.0402959101,"In addition, oxidation-induced mitochondrial relocalization of DJ-1 and protection against cell death were abrogated in C106A but not C53A or C46A."
nitric oxide,PRKN,-1,S-nitrosylation of parkin; transient increase then sustained inhibition of E3 ubiquitin ligase activity via autoubiquitination,"human post-mortem brain, rodent models and in vitro",15252205,10.1073/pnas.0404161101,The initial increase in parkin's E3 ubiquitin ligase activity leads to autoubiquitination of parkin and subsequent inhibition of its activity
nitric oxide,DNM1L,1,S-nitrosylation of Drp1 (SNO-Drp1) promoting mitochondrial fission,"human Alzheimer's disease brain, rodent neurons and cell lines",19342591,10.1126/science.1171091,"We found that nitric oxide produced in response to beta-amyloid protein, thought to be a key mediator of Alzheimer's disease, triggered mitochondrial fission, synaptic loss, and neuronal damage, in part via S-nitrosylation of dynamin-related protein 1 (forming SNO-Drp1)."
hydroxyl radical,OGG1,1,"oxidative generation of 8-oxo-7,8-dihydroguanine in DNA, the lesion recognised and excised by OGG1 (substrate-driven engagement of glycosylase activity)","human enzyme, in vitro (duplex DNA with 8-oxoG/C)",9223305,10.1073/pnas.94.15.8010,Analysis of the substrate specificity reveals a very strong preference for DNA fragments harboring 8-oxoG/C base pairs.
reactive oxygen species (unspecified; thiol oxidant diamide / cadmium-induced oxidation),OGG1,-1,reversible oxidation of critical cysteine residues inhibits the 8-oxoG DNA glycosylase activity,human (lymphoblastoid cells) and in vitro (purified hOGG1),16923968,10.1128/MCB.00624-06,Oxidation of OGG1 by the thiol oxidant diamide led to inhibition of the activity and a protein migration pattern similar to that seen in cadmium-treated cells.
peroxynitrite,NOS3,-1,"oxidation of the tetrahydrobiopterin (BH4) cofactor to the BH3 radical, uncoupling NO synthesis",in vitro (bovine aortic endothelial cells; ESR),12692136,10.1074/jbc.M302227200,We confirmed that ONOO- uncouples eNOS by oxidation of tetrahydrobiopterin and that ascorbate does not fully protect BH4 from oxidation but recycles BH3. radical back to BH4.
