receptor_gene,endogenous_ligand,population,role,site,effect_on_release,mechanism,species_evidence,reason
DRD1,dopamine,glutamatergic,heteroreceptor,presynaptic_terminal,1,"Gs, cAMP/PKA",rodent,Direction conflicts between sources (PMID 22586226 reports D1 promotes glutamate release; PMID 16895728 reports D1/D5 depress it); no single quote settles the sign.
CHRM4,acetylcholine,dopaminergic,heteroreceptor,presynaptic_terminal,-1,"Gi/o, Cav2 inhibition",rodent,Muscarinic inhibition of striatal DA release is documented (PMID 29030431) but the abstract does not name the M4 subtype.
CHRM2,acetylcholine,glutamatergic,heteroreceptor,presynaptic_terminal,-1,"Gi/o, Cav2 inhibition",rodent,"Supported by PMID 23803193 (M2/M4 mediate muscarinic inhibition of spinal glutamate release) but that record has no DOI, so the citation requirement cannot be met."
CHRM4,acetylcholine,glutamatergic,heteroreceptor,presynaptic_terminal,-1,"Gi/o, Cav2 inhibition",rodent,Same source as CHRM2 row above (PMID 23803193) has no DOI.
HTR1B,serotonin,cholinergic,heteroreceptor,presynaptic_terminal,-1,"Gi/o, Cav2 inhibition",both,Supported by the 5-HT1B review PMID 12397864 ('inhibit the release of ... acetylcholine') but that record has no DOI.
CHRNA7,acetylcholine,cholinergic,autoreceptor,presynaptic_terminal,1,ionotropic cation,both,Negative evidence: PMID 15168907 states nicotinic autoreceptors were not detectable in rat or human neocortex.
CHRNB2,acetylcholine,cholinergic,autoreceptor,presynaptic_terminal,1,ionotropic cation,both,Negative evidence: PMID 15168907 found no exocytotic ACh release evoked by nAChR agonists in human or rat neocortex.
ADRA2C,noradrenaline,noradrenergic,autoreceptor,presynaptic_terminal,-1,"Gi/o, Cav2 inhibition",human,Earlier alpha2C assignment in human kidney was reclassified as alpha2A (PMID 9453457); no verified alpha2C autoreceptor quote found.
ADRB2,adrenaline,serotonergic,heteroreceptor,presynaptic_terminal,1,"Gs, cAMP/PKA",rodent,No abstract quote found supporting beta-adrenoceptor facilitation of 5-HT release.
GRM2,glutamate,dopaminergic,heteroreceptor,somatodendritic,1,"Gi/o, adenylyl cyclase inhibition",rodent,"PMID 15572168 reports group II mGluRs facilitate dendritic DA release 'to a lesser extent'; effect small and probably indirect, and GRM2 vs GRM3 is not distinguished."
GRM3,glutamate,dopaminergic,heteroreceptor,somatodendritic,1,"Gi/o, adenylyl cyclase inhibition",rodent,Same caveat as GRM2 row above.
GRM7,glutamate,glutamatergic,autoreceptor,presynaptic_terminal,-1,"Gi/o, adenylyl cyclase inhibition",rodent,Verified only on GABAergic terminals (PMID 22564442); no quote obtained for mGlu7 autoreceptor function on glutamatergic terminals.
GRM4,glutamate,glutamatergic,autoreceptor,presynaptic_terminal,-1,"Gi/o, adenylyl cyclase inhibition",rodent,Group III autoreceptor role is well known in the field but no abstract quote was retrieved naming mGlu4 on glutamatergic terminals.
GRM8,glutamate,glutamatergic,autoreceptor,presynaptic_terminal,-1,"Gi/o, adenylyl cyclase inhibition",rodent,"PMID 22564442 found the mGlu8 agonist (S)-3,4-DCPG ineffective in the tested preparation; no supporting quote obtained elsewhere."
GRIN2B,glutamate,glutamatergic,autoreceptor,presynaptic_terminal,1,ionotropic cation,rodent,Presynaptic NMDA autoreceptors are widely reported but no abstract quote with a DOI was retrieved in this curation.
GLRA1,glycine,glycinergic,autoreceptor,presynaptic_terminal,1,ionotropic chloride,rodent,Presynaptic GlyRs were verified only on glutamatergic calyx terminals (PMID 25339867); no quote for a GlyR autoreceptor on glycinergic terminals.
GABBR1,GABA,cholinergic,heteroreceptor,presynaptic_terminal,-1,"Gi/o, Cav2 inhibition",rodent,No abstract quote retrieved for GABA-B inhibition of acetylcholine release.
GABBR2,GABA,cholinergic,heteroreceptor,presynaptic_terminal,-1,"Gi/o, Cav2 inhibition",rodent,Same as GABBR1 row above.
ADRA2A,noradrenaline,cholinergic,heteroreceptor,presynaptic_terminal,-1,"Gi/o, Cav2 inhibition",rodent,"No abstract quote retrieved; PMID 17446301 mentions alpha2 control of noradrenaline, not acetylcholine, release."
ADRA2A,noradrenaline,glutamatergic,heteroreceptor,presynaptic_terminal,-1,"Gi/o, Cav2 inhibition",rodent,No abstract quote retrieved for alpha2 heteroreceptors on glutamatergic terminals.
HRH3,histamine,glycinergic,heteroreceptor,presynaptic_terminal,-1,"Gi/o, Cav2 inhibition",rodent,The H3 review (PMID 35447544) does not list glycine among the transmitters controlled by H3 heteroreceptors.
CNR1,2-arachidonoylglycerol,dopaminergic,heteroreceptor,presynaptic_terminal,-1,"Gi/o, Cav2 inhibition",rodent,CB1 is not listed on dopaminergic terminals in PMID 16596780; CB1 effects on DA neurons appear indirect via GABA/glutamate inputs (PMID 22133541).
CNR1,2-arachidonoylglycerol,histaminergic,heteroreceptor,presynaptic_terminal,-1,"Gi/o, Cav2 inhibition",rodent,Histaminergic transmission is not among the systems listed in the CB1 presynaptic review (PMID 16596780).
ADRA2A,noradrenaline,histaminergic,heteroreceptor,presynaptic_terminal,-1,"Gi/o, Cav2 inhibition",rodent,No abstract quote retrieved for alpha2 control of histamine release.
HTR2A,serotonin,dopaminergic,heteroreceptor,somatodendritic,1,Gq,rodent,"Only non-selective 5-HT2A/2C evidence retrieved (PMID 15093963, ketanserin), which cannot separate 5-HT2A from 5-HT2C."
P2RX7,ATP,glutamatergic,heteroreceptor,presynaptic_terminal,1,ionotropic cation,rodent,No abstract quote retrieved in this curation for P2X-mediated facilitation of glutamate release.
HRH3,histamine,dopaminergic,heteroreceptor,presynaptic_terminal,-1,"Gi/o, Cav2 inhibition",both,"H3 agonists lower striatal DA release, but PMID 29374538 shows the effect is indirect (via cholinergic interneurons) and that optogenetically evoked DA release is unaffected, so a direct H3 receptor on dopaminergic terminals is not established; PMID 21195747 likewise found no H3 effect on pallidal [3H]-dopamine release."
HRH3,histamine,GABAergic,heteroreceptor,presynaptic_terminal,-1,"Gi/o, Cav2 inhibition",both,"Kept as verified from the H3 review (PMID 35447544), but note the conflicting direct measurement in PMID 21195747, where the H3 agonist immepip had no effect on pallidal [3H]-GABA release - treat the GABAergic H3 edge as region-dependent."
