binder_gene,cargo_name,cargo_chebi,mechanism,source,pmid,doi,supporting_quote
ALB,palmitate,CHEBI:7896,non-covalent binding at albumin's hydrophobic fatty-acid sites; albumin is the plasma carrier of the non-esterified fatty acids,pubmed,236351,,Stepwise association constants for binding to human albumin of fatty acids containing 6-18 carbon atoms are presented.
ALB,stearate,CHEBI:25629,non-covalent binding at albumin's hydrophobic fatty-acid sites; albumin is the plasma carrier of the non-esterified fatty acids,pubmed,236351,,Stepwise association constants for binding to human albumin of fatty acids containing 6-18 carbon atoms are presented.
ALB,oleate,CHEBI:30823,non-covalent binding at albumin's hydrophobic fatty-acid sites; albumin is the plasma carrier of the non-esterified fatty acids,pubmed,236351,,Stepwise association constants for binding to human albumin of fatty acids containing 6-18 carbon atoms are presented.
ALB,linoleate,CHEBI:30245,non-covalent binding at albumin's hydrophobic fatty-acid sites; albumin is the plasma carrier of the non-esterified fatty acids,pubmed,236351,,Stepwise association constants for binding to human albumin of fatty acids containing 6-18 carbon atoms are presented.
ALB,arachidonate,CHEBI:32395,non-covalent binding at albumin's hydrophobic fatty-acid sites; albumin is the plasma carrier of the non-esterified fatty acids,pubmed,236351,,Stepwise association constants for binding to human albumin of fatty acids containing 6-18 carbon atoms are presented.
ALB,thyroxine,CHEBI:58448,one of the three plasma thyroid hormone-binding proteins; albumin has the lowest affinity and the fastest release,pubmed,10718550,10.1089/thy.2000.10.141,"The slow clearance, prolonged half-life, and high serum concentration of thyroxine (T4) are largely due to strong binding by the principal plasma thyroid hormone-binding proteins, thyroxine-binding globulin (TBG), transthyretin (TTR), and albumin."
SERPINA7,thyroxine,CHEBI:58448,"thyroxine-binding globulin, the highest-affinity plasma carrier of thyroxine",pubmed,10718550,10.1089/thy.2000.10.141,"The slow clearance, prolonged half-life, and high serum concentration of thyroxine (T4) are largely due to strong binding by the principal plasma thyroid hormone-binding proteins, thyroxine-binding globulin (TBG), transthyretin (TTR), and albumin."
SERPINA7,triiodothyronine,CHEBI:533015,"the same site carries triiodothyronine, the other thyroid hormone the paper names",pubmed,10718550,10.1089/thy.2000.10.141,"The slow clearance, prolonged half-life, and high serum concentration of thyroxine (T4) are largely due to strong binding by the principal plasma thyroid hormone-binding proteins, thyroxine-binding globulin (TBG), transthyretin (TTR), and albumin."
TTR,thyroxine,CHEBI:58448,"transthyretin, the second plasma thyroxine carrier",pubmed,10718550,10.1089/thy.2000.10.141,"The slow clearance, prolonged half-life, and high serum concentration of thyroxine (T4) are largely due to strong binding by the principal plasma thyroid hormone-binding proteins, thyroxine-binding globulin (TBG), transthyretin (TTR), and albumin."
TTR,triiodothyronine,CHEBI:533015,the same site carries triiodothyronine,pubmed,10718550,10.1089/thy.2000.10.141,"The slow clearance, prolonged half-life, and high serum concentration of thyroxine (T4) are largely due to strong binding by the principal plasma thyroid hormone-binding proteins, thyroxine-binding globulin (TBG), transthyretin (TTR), and albumin."
TTR,retinol,CHEBI:17336,carries retinol as the retinol-RBP4 complex; without transthyretin the complex is filtered by the kidney,pubmed,11036082,10.1074/jbc.M008091200,Transthyretin (TTR) acts physiologically in the transport of retinol in the circulation.
RBP4,retinol,CHEBI:17336,"the specific retinol transport protein, which circulates bound to transthyretin",pubmed,11036082,10.1074/jbc.M008091200,Transthyretin (TTR) acts physiologically in the transport of retinol in the circulation.
SHBG,testosterone,CHEBI:17347,"one steroid per dimer, nanomolar affinity",pubmed,27113851,10.1530/JOE-16-0070,"They bind steroids with high (~nM) affinity and specificity, with SHBG binding androgens and estrogens and CBG binding glucocorticoids and progesterone."
SHBG,estradiol-17beta,CHEBI:16469,"one steroid per dimer, nanomolar affinity",pubmed,27113851,10.1530/JOE-16-0070,"They bind steroids with high (~nM) affinity and specificity, with SHBG binding androgens and estrogens and CBG binding glucocorticoids and progesterone."
SHBG,5alpha-dihydrotestosterone,CHEBI:16330,named with testosterone and estradiol in the UniProt function statement of P04278,uniprot_function,,,"FUNCTION: Functions as an androgen transport protein, but may also be involved in receptor mediated processes. Each dimer binds one molecule of steroid. Specific for 5-alpha-dihydrotestosterone, testosterone, and 17-beta-estradiol."
SERPINA6,cortisol,CHEBI:17650,corticosteroid-binding globulin; also a UniProt binding-site feature of P08185,pubmed,27113851,10.1530/JOE-16-0070,"They bind steroids with high (~nM) affinity and specificity, with SHBG binding androgens and estrogens and CBG binding glucocorticoids and progesterone."
SERPINA6,progesterone,CHEBI:17026,corticosteroid-binding globulin carries progesterone beside cortisol,pubmed,27113851,10.1530/JOE-16-0070,"They bind steroids with high (~nM) affinity and specificity, with SHBG binding androgens and estrogens and CBG binding glucocorticoids and progesterone."
ORM1,progesterone,CHEBI:17026,"the one endogenous metabolite with a measured orosomucoid association constant; orosomucoid's main cargo in this study, the basic drugs, has no node in a graph without drug nodes, so it enters through the fraction unbound of stage 2 instead",pubmed,6652563,10.1139/o83-142,"The association constants of propranolol and progesterone binding to native human orosomucoid under physiological conditions were 8.4 X 10(5) and 3.2 X 10(5) M-1, respectively."
ORM2,progesterone,CHEBI:17026,"the same protein from the second gene; the constant was measured on purified orosomucoid, which does not separate ORM1 from ORM2",pubmed,6652563,10.1139/o83-142,"The association constants of propranolol and progesterone binding to native human orosomucoid under physiological conditions were 8.4 X 10(5) and 3.2 X 10(5) M-1, respectively."
APOB,cholesterol,CHEBI:16113,"the carrier is the VLDL or LDL particle, which carries one apolipoprotein B molecule, rather than a binding site on the protein",pubmed,22342675,10.1016/j.bbalip.2012.02.001,"They serve to transport endogenously synthesized lipids, mainly triglycerides (but also some cholesterol and cholesteryl esters) to peripheral tissues. ... Each VLDL has one apoB100 molecule"
APOB,cholesteryl ester,CHEBI:17002,"the carrier is the VLDL or LDL particle, which carries one apolipoprotein B molecule, rather than a binding site on the protein",pubmed,22342675,10.1016/j.bbalip.2012.02.001,"They serve to transport endogenously synthesized lipids, mainly triglycerides (but also some cholesterol and cholesteryl esters) to peripheral tissues. ... Each VLDL has one apoB100 molecule"
APOA1,cholesterol,CHEBI:16113,"the carrier is the HDL particle apolipoprotein A-I scaffolds, rather than a binding site on the protein",uniprot_function,,,FUNCTION: Participates in the reverse transport of cholesterol from tissues to the liver for excretion by promoting cholesterol efflux from tissues and by acting as a cofactor for the lecithin cholesterol acyltransferase (LCAT).
