target_symptom,hpo_ids,hpo_names,excluded_hpo_ids,meddra_preferred_terms,questionnaire_item,rdoc_domain,identifier_status,notes
depressed_mood,HP:0000716,Depression,,Depressed mood;Depression,PHQ-9 item 2,negative_valence,verified_hpo_2026-09-01,
anhedonia,HP:0012154,Anhedonia,,Anhedonia,PHQ-9 item 1,positive_valence,verified_hpo_2026-09-01,no Human-GEM gene carries this annotation (0 genes); E2 and E4 only
anxiety,HP:0000739,Anxiety,,Anxiety;Nervousness,GAD-7 items,negative_valence,verified_hpo_2026-09-01,
irritability_or_aggression,HP:0000737;HP:0000718,Irritability;Aggressive behavior,,Irritability;Aggression;Agitation,,negative_valence;arousal,verified_hpo_2026-09-01,
insomnia,HP:0100785,Insomnia,,Insomnia;Initial insomnia,PHQ-9 item 3,arousal_regulatory,verified_hpo_2026-09-01,
somnolence_or_hypersomnia,HP:0001262,Excessive daytime somnolence,,Somnolence;Hypersomnia,PHQ-9 item 3,arousal_regulatory,verified_hpo_2026-09-01,HP:0100786 Hypersomnia is obsolete and replaced by HP:0001262
fatigue,HP:0012378,Fatigue,,Fatigue;Asthenia,PHQ-9 item 4,arousal_regulatory,verified_hpo_2026-09-01,
psychomotor_agitation,HP:0000713;HP:0000711,Agitation;Restlessness,HP:0012452,Psychomotor hyperactivity;Agitation;Restlessness,PHQ-9 item 8,arousal,verified_hpo_2026-09-01,excluded descendants: HP:0012452 Restless legs (sensorimotor sleep-related disorder); Akathisia is kept
psychomotor_retardation,,,,Psychomotor retardation;Bradyphrenia,PHQ-9 item 8,arousal,no_hpo_term,HPO retired Psychomotor retardation (HP:0025356) into Global developmental delay (HP:0001263) which is a different construct; E2 and E4 only
psychosis,HP:0000709;HP:0000738;HP:0000746,Psychosis;Hallucinations;Delusion,HP:4000063,Psychotic disorder;Hallucination;Delusion,,cognitive_systems;perception,verified_hpo_2026-09-01,"excluded descendants: HP:4000063 Sleep related hallucination and its children (hypnagogic and hypnopompic hallucinations are sleep-wake transition phenomena, not psychosis)"
cognitive_impairment,HP:0100543,Cognitive impairment,HP:0007018;HP:0002344;HP:0002333;HP:0002361,Memory impairment;Disturbance in attention;Confusional state,PHQ-9 item 7,cognitive_systems,verified_hpo_2026-09-01,"excluded descendants: HP:0007018 Attention deficit hyperactivity disorder (diagnosis-level term, A7); HP:0002344 Progressive neurologic deterioration, HP:0002333 Motor deterioration and HP:0002361 Psychomotor deterioration (neurological or motor regression, not a cognitive symptom); Dementia, Mental deterioration, Memory impairment, Confusion and Delirium are kept"
elevated_mood_or_mania,HP:0100754,Mania,,Mania;Hypomania;Euphoric mood,,positive_valence;arousal,verified_hpo_2026-09-01,one Human-GEM gene carries this annotation (SLC25A13); E2-dependent
